	VIRSorter category	Circular	Prophage	Gene count	Strand switches	potential AMG count	Transposase present	Possible Non-Viral Contig	Viral hypothetical genes	Viral genes with host benefits	Viral replication genes	Viral genes with unknown function	Viral structure genes	Viral genes with viral benefits
11B-T1-3_contig.fa_viral_10__full-cat_2	2	False	False	3	0	0	False	0.3333333333333333	2.0	1.0	0.0	0.0	0.0	0.0
11B-T1-3_contig.fa_viral_14__full-cat_2	2	False	False	4	1	0	False	0.0	4.0	0.0	0.0	0.0	0.0	0.0
11B-T1-3_contig.fa_viral_15__full-cat_2	2	False	False	2	0	0	True	0.0	1.0	0.0	1.0	0.0	0.0	0.0
11B-T1-3_contig.fa_viral_8__full-cat_1	1	False	False	3	0	0	False	0.3333333333333333	2.0	1.0	0.0	0.0	0.0	0.0
11B-T1-6_contig.fa_provirus_1__full-cat_1	1	False	False	2	0	0	False	0.0	2.0	0.0	0.0	0.0	0.0	0.0
11B-T1-6_contig.fa_viral_12__full-cat_1	1	False	False	3	0	0	False	0.0	2.0	0.0	0.0	1.0	0.0	0.0
11B-T1-6_contig.fa_viral_5__full-cat_1	1	False	False	3	1	0	False	0.3333333333333333	1.0	1.0	0.0	1.0	0.0	0.0
11B-T1-6_contig.fa_viral_8__full-cat_2	2	False	False	8	0	0	False	0.0	7.0	1.0	0.0	0.0	0.0	0.0
11B-T1-9_contig.fa_viral_12__full-cat_2	2	False	False	4	1	0	False	0.0	4.0	0.0	0.0	0.0	0.0	0.0
11B-T1-9_contig.fa_viral_16__full-cat_2	2	False	False	5	3	0	False	0.0	4.0	0.0	1.0	0.0	0.0	0.0
11B-T1-9_contig.fa_viral_21__full-cat_2	2	False	False	3	1	0	False	0.0	3.0	0.0	0.0	0.0	0.0	0.0
11B-T1-9_contig.fa_viral_27__full-cat_2	2	False	False	6	1	0	True	0.0	4.0	0.0	1.0	1.0	0.0	0.0
11B-T1-9_contig.fa_viral_2__full-cat_2	2	False	False	4	1	0	False	0.0	4.0	0.0	0.0	0.0	0.0	0.0
11B-T1-9_contig.fa_viral_8__full-cat_2	2	False	False	2	1	0	True	0.0	2.0	0.0	0.0	0.0	0.0	0.0
8-T1-6_contig.fa_viral_12__full-cat_2	2	False	False	2	1	0	False	0.0	1.0	0.0	0.0	1.0	0.0	0.0
8-T1-6_contig.fa_viral_5__full-cat_2	2	False	False	7	1	0	False	0.0	7.0	0.0	0.0	0.0	0.0	0.0
8-T1-9_contig.fa_viral_12__full-cat_2	2	False	False	11	2	0	False	0.09090909090909091	10.0	1.0	0.0	0.0	0.0	0.0
8-T1-9_contig.fa_viral_16__full-cat_2	2	False	False	2	0	0	False	0.0	0.0	0.0	1.0	1.0	0.0	0.0
8-T1-9_contig.fa_viral_19__full-cat_1	1	False	False	5	0	0	False	0.0	4.0	0.0	0.0	0.0	1.0	0.0
8-T1-9_contig.fa_viral_23__full-cat_1	1	False	False	40	3	0	False	0.025	31.0	3.0	2.0	4.0	0.0	0.0
8-T1-9_contig.fa_viral_28__full-cat_2	2	False	False	7	0	0	False	0.0	5.0	0.0	0.0	2.0	0.0	0.0
8-T1-9_contig.fa_viral_34__full-cat_2	2	False	False	3	0	0	False	0.0	3.0	0.0	0.0	0.0	0.0	0.0
8-T1-9_contig.fa_viral_37__full-cat_2	2	False	False	8	0	0	False	0.0	8.0	0.0	0.0	0.0	0.0	0.0
8-T1-9_contig.fa_viral_42__full-cat_2	2	False	False	3	0	0	False	0.0	2.0	0.0	0.0	1.0	0.0	0.0
8-T1-9_contig.fa_viral_5__full-cat_2	2	False	False	6	1	0	False	0.0	6.0	0.0	0.0	0.0	0.0	0.0
8-T1-9_contig.fa_viral_9__full-cat_2	2	False	False	6	0	0	False	0.0	6.0	0.0	0.0	0.0	0.0	0.0
Ex45-T1-3_contig.fa_viral_17__full-cat_1	1	False	False	5	1	0	False	0.0	4.0	0.0	0.0	0.0	1.0	0.0
Ex45-T1-3_contig.fa_viral_24__full-cat_2	2	False	False	3	1	0	False	0.3333333333333333	2.0	1.0	0.0	0.0	0.0	0.0
Ex45-T1-3_contig.fa_viral_42__full-cat_2	2	False	False	5	0	0	False	0.0	5.0	0.0	0.0	0.0	0.0	0.0
Ex45-T1-3_contig.fa_viral_43__full-cat_1	1	False	False	4	0	0	False	0.0	3.0	0.0	1.0	0.0	0.0	0.0
Ex45-T1-3_contig.fa_viral_4__full-cat_2	2	False	False	4	0	0	False	0.0	4.0	0.0	0.0	0.0	0.0	0.0
Ex45-T1-3_contig.fa_viral_5__full-cat_2	2	False	False	6	0	0	False	0.0	5.0	0.0	1.0	0.0	0.0	0.0
Ex45-T1-3_contig.fa_viral_61__full-cat_1	1	False	False	7	1	0	False	0.0	6.0	0.0	0.0	0.0	1.0	0.0
Ex45-T1-3_contig.fa_viral_8__full-cat_2	2	False	False	2	0	0	False	0.0	1.0	0.0	1.0	0.0	0.0	0.0
Ex45-T1-6_contig.fa_viral_114__full-cat_2	2	False	False	2	0	0	False	0.0	2.0	0.0	0.0	0.0	0.0	0.0
Ex45-T1-6_contig.fa_viral_11__full-cat_2	2	False	False	2	0	0	False	0.5	1.0	1.0	0.0	0.0	0.0	0.0
Ex45-T1-6_contig.fa_viral_121__full-cat_2	2	False	False	5	1	0	False	0.0	4.0	0.0	1.0	0.0	0.0	0.0
Ex45-T1-6_contig.fa_viral_31__full-cat_2	2	False	False	4	1	0	False	0.0	3.0	0.0	1.0	0.0	0.0	0.0
Ex45-T1-6_contig.fa_viral_33__lt2gene-cat_1	1	False	False	1	0	0	False	0.0	1.0	0.0	0.0	0.0	0.0	0.0
Ex45-T1-6_contig.fa_viral_36__full-cat_1	1	False	False	3	0	0	False	0.3333333333333333	2.0	1.0	0.0	0.0	0.0	0.0
Ex45-T1-6_contig.fa_viral_49__full-cat_2	2	False	False	9	2	0	False	0.0	7.0	0.0	0.0	2.0	0.0	0.0
Ex45-T1-6_contig.fa_viral_73__full-cat_2	2	False	False	7	2	0	False	0.0	6.0	0.0	1.0	0.0	0.0	0.0
Ex45-T1-6_contig.fa_viral_81__full-cat_2	2	False	False	4	2	0	False	0.0	4.0	0.0	0.0	0.0	0.0	0.0
Ex45-T1-6_contig.fa_viral_83__full-cat_2	2	False	False	5	0	0	False	0.0	4.0	0.0	1.0	0.0	0.0	0.0
Ex45-T1-6_contig.fa_viral_84__full-cat_2	2	False	False	3	1	0	False	0.0	2.0	0.0	1.0	0.0	0.0	0.0
Ex45-T1-6_contig.fa_viral_87__full-cat_2	2	False	False	3	0	0	False	0.0	3.0	0.0	0.0	0.0	0.0	0.0
Ex45-T1-9_contig.fa_viral_100__full-cat_1	1	False	False	2	0	0	False	0.5	1.0	1.0	0.0	0.0	0.0	0.0
Ex45-T1-9_contig.fa_viral_104__full-cat_2	2	False	False	4	1	0	False	0.25	3.0	1.0	0.0	0.0	0.0	0.0
Ex45-T1-9_contig.fa_viral_105__full-cat_2	2	False	False	5	3	0	False	0.0	4.0	0.0	1.0	0.0	0.0	0.0
Ex45-T1-9_contig.fa_viral_107__full-cat_2	2	False	False	3	1	0	False	0.0	3.0	0.0	0.0	0.0	0.0	0.0
Ex45-T1-9_contig.fa_viral_109__full-cat_1	1	False	False	3	0	0	False	0.0	3.0	0.0	0.0	0.0	0.0	0.0
Ex45-T1-9_contig.fa_viral_10__full-cat_2	2	False	False	4	1	0	False	0.25	3.0	1.0	0.0	0.0	0.0	0.0
Ex45-T1-9_contig.fa_viral_114__full-cat_2	2	False	False	2	0	0	False	0.0	2.0	0.0	0.0	0.0	0.0	0.0
Ex45-T1-9_contig.fa_viral_119__full-cat_2	2	False	False	2	0	0	False	0.5	1.0	1.0	0.0	0.0	0.0	0.0
Ex45-T1-9_contig.fa_viral_46__full-cat_2	2	False	False	6	2	0	False	0.0	6.0	0.0	0.0	0.0	0.0	0.0
Ex45-T1-9_contig.fa_viral_58__full-cat_2	2	False	False	3	1	0	False	0.0	3.0	0.0	0.0	0.0	0.0	0.0
Ex45-T1-9_contig.fa_viral_59__full-cat_2	2	False	False	7	2	0	False	0.0	6.0	0.0	0.0	1.0	0.0	0.0
Ex45-T1-9_contig.fa_viral_71__full-cat_2	2	False	False	2	0	0	False	0.0	2.0	0.0	0.0	0.0	0.0	0.0
Ex45-T1-9_contig.fa_viral_72__full-cat_2	2	False	False	3	1	0	False	0.0	2.0	0.0	1.0	0.0	0.0	0.0
Ex45-T1-9_contig.fa_viral_96__full-cat_2	2	False	False	4	1	0	True	0.5	2.0	2.0	0.0	0.0	0.0	0.0
HP-T1-3_contig.fa_viral_103__full-cat_2	2	False	False	4	0	0	True	0.0	3.0	0.0	1.0	0.0	0.0	0.0
HP-T1-3_contig.fa_viral_113__full-cat_2	2	False	False	6	1	0	False	0.5	3.0	3.0	0.0	0.0	0.0	0.0
HP-T1-3_contig.fa_viral_114__full-cat_2	2	False	False	2	0	0	False	0.0	0.0	1.0	0.0	0.0	0.0	1.0
HP-T1-3_contig.fa_viral_117__full-cat_2	2	False	False	7	1	0	False	0.0	6.0	0.0	1.0	0.0	0.0	0.0
HP-T1-3_contig.fa_viral_127__full-cat_1	1	False	False	3	0	0	False	0.0	1.0	0.0	0.0	1.0	1.0	0.0
HP-T1-3_contig.fa_viral_13__full-cat_1	1	False	False	3	0	0	False	0.0	2.0	0.0	0.0	0.0	1.0	0.0
HP-T1-3_contig.fa_viral_20__full-cat_1	1	False	False	7	0	0	False	0.0	7.0	0.0	0.0	0.0	0.0	0.0
HP-T1-3_contig.fa_viral_22__full-cat_2	2	False	False	2	0	0	False	0.0	2.0	0.0	0.0	0.0	0.0	0.0
HP-T1-3_contig.fa_viral_36__full-cat_2	2	False	False	3	0	0	False	0.0	2.0	0.0	1.0	0.0	0.0	0.0
HP-T1-3_contig.fa_viral_38__full-cat_2	2	False	False	3	0	0	False	0.0	2.0	0.0	0.0	1.0	0.0	0.0
HP-T1-3_contig.fa_viral_44__full-cat_2	2	False	False	2	0	0	False	0.0	2.0	0.0	0.0	0.0	0.0	0.0
HP-T1-3_contig.fa_viral_50__full-cat_2	2	False	False	3	1	0	False	0.0	3.0	0.0	0.0	0.0	0.0	0.0
HP-T1-3_contig.fa_viral_67__full-cat_2	2	False	False	3	0	0	False	0.0	2.0	0.0	1.0	0.0	0.0	0.0
HP-T1-3_contig.fa_viral_76__full-cat_2	2	False	False	4	0	0	False	0.0	3.0	1.0	0.0	0.0	0.0	0.0
HP-T1-3_contig.fa_viral_79__full-cat_2	2	False	False	3	0	0	True	0.0	3.0	0.0	0.0	0.0	0.0	0.0
HP-T1-3_contig.fa_viral_86__full-cat_2	2	False	False	6	3	0	False	0.0	6.0	0.0	0.0	0.0	0.0	0.0
HP-T1-3_contig.fa_viral_96__full-cat_2	2	False	False	5	1	0	False	0.0	5.0	0.0	0.0	0.0	0.0	0.0
HP-T1-3_contig.fa_viral_97__full-cat_2	2	False	False	4	0	0	False	0.0	3.0	0.0	1.0	0.0	0.0	0.0
HP-T1-6_contig.fa_provirus_3__full-cat_2	2	False	False	3	0	0	False	0.0	3.0	0.0	0.0	0.0	0.0	0.0
HP-T1-6_contig.fa_provirus_4__full-cat_1	1	False	False	5	0	0	False	0.0	4.0	0.0	0.0	0.0	1.0	0.0
HP-T1-6_contig.fa_viral_101__full-cat_2	2	False	False	5	0	1	False	0.0	4.0	0.0	1.0	0.0	0.0	0.0
HP-T1-6_contig.fa_viral_102__full-cat_2	2	False	False	13	1	0	False	0.0	12.0	0.0	0.0	1.0	0.0	0.0
HP-T1-6_contig.fa_viral_109__full-cat_2	2	False	False	6	0	0	False	0.0	5.0	0.0	0.0	1.0	0.0	0.0
HP-T1-6_contig.fa_viral_10__full-cat_1	1	False	False	3	0	0	False	0.0	3.0	0.0	0.0	0.0	0.0	0.0
HP-T1-6_contig.fa_viral_114__full-cat_2	2	False	False	5	0	0	False	0.0	4.0	0.0	1.0	0.0	0.0	0.0
HP-T1-6_contig.fa_viral_123__full-cat_1	1	False	False	6	2	0	False	0.0	6.0	0.0	0.0	0.0	0.0	0.0
HP-T1-6_contig.fa_viral_124__full-cat_1	1	False	False	4	0	0	False	0.0	1.0	0.0	1.0	1.0	1.0	0.0
HP-T1-6_contig.fa_viral_12__full-cat_2	2	False	False	5	0	0	False	0.0	5.0	0.0	0.0	0.0	0.0	0.0
HP-T1-6_contig.fa_viral_137__full-cat_2	2	False	False	24	1	0	False	0.0	23.0	0.0	0.0	1.0	0.0	0.0
HP-T1-6_contig.fa_viral_143__full-cat_2	2	False	False	9	0	0	False	0.1111111111111111	6.0	1.0	0.0	2.0	0.0	0.0
HP-T1-6_contig.fa_viral_147__full-cat_2	2	False	False	6	0	0	False	0.0	3.0	0.0	1.0	2.0	0.0	0.0
HP-T1-6_contig.fa_viral_148__full-cat_1	1	False	False	5	0	0	False	0.0	4.0	0.0	0.0	0.0	1.0	0.0
HP-T1-6_contig.fa_viral_14__full-cat_2	2	False	False	3	0	0	False	0.0	2.0	0.0	0.0	1.0	0.0	0.0
HP-T1-6_contig.fa_viral_152__full-cat_2	2	False	False	4	0	0	False	0.25	3.0	1.0	0.0	0.0	0.0	0.0
HP-T1-6_contig.fa_viral_159__full-cat_1	1	False	False	9	0	0	False	0.1111111111111111	6.0	1.0	0.0	1.0	1.0	0.0
HP-T1-6_contig.fa_viral_162__full-cat_2	2	False	False	2	0	0	False	0.0	1.0	0.0	1.0	0.0	0.0	0.0
HP-T1-6_contig.fa_viral_163__full-cat_1	1	False	False	15	0	0	False	0.0	8.0	0.0	0.0	6.0	1.0	0.0
HP-T1-6_contig.fa_viral_168__full-cat_2	2	False	False	5	0	0	False	0.0	3.0	0.0	1.0	1.0	0.0	0.0
HP-T1-6_contig.fa_viral_174__full-cat_2	2	False	False	7	0	0	False	0.0	7.0	0.0	0.0	0.0	0.0	0.0
HP-T1-6_contig.fa_viral_179__full-cat_2	2	False	False	3	1	0	False	0.0	2.0	0.0	0.0	1.0	0.0	0.0
HP-T1-6_contig.fa_viral_180__full-cat_2	2	False	False	3	0	0	False	0.0	3.0	0.0	0.0	0.0	0.0	0.0
HP-T1-6_contig.fa_viral_185__full-cat_1	1	False	False	7	0	0	False	0.0	6.0	0.0	0.0	0.0	1.0	0.0
HP-T1-6_contig.fa_viral_188__full-cat_1	1	False	False	102	18	0	True	0.0196078431372549	90.0	2.0	4.0	4.0	2.0	0.0
HP-T1-6_contig.fa_viral_189__full-cat_1	1	False	False	4	0	0	False	0.0	3.0	0.0	0.0	0.0	1.0	0.0
HP-T1-6_contig.fa_viral_194__full-cat_1	1	False	False	22	0	0	False	0.0	14.0	0.0	0.0	6.0	2.0	0.0
HP-T1-6_contig.fa_viral_195__full-cat_1	1	False	False	7	2	0	False	0.0	5.0	0.0	0.0	1.0	1.0	0.0
HP-T1-6_contig.fa_viral_198__full-cat_2	2	False	False	8	0	0	False	0.0	6.0	0.0	0.0	2.0	0.0	0.0
HP-T1-6_contig.fa_viral_200__full-cat_1	1	False	False	9	3	0	False	0.0	6.0	0.0	0.0	2.0	1.0	0.0
HP-T1-6_contig.fa_viral_204__full-cat_2	2	False	False	3	0	0	False	0.0	3.0	0.0	0.0	0.0	0.0	0.0
HP-T1-6_contig.fa_viral_207__0_partial-cat_5	5	False	True	14	0	0	False	0.0	13.0	0.0	0.0	1.0	0.0	0.0
HP-T1-6_contig.fa_viral_209__full-cat_2	2	False	False	6	0	0	False	0.0	5.0	0.0	0.0	1.0	0.0	0.0
HP-T1-6_contig.fa_viral_20__full-cat_1	1	False	False	3	0	0	False	0.0	1.0	0.0	0.0	1.0	1.0	0.0
HP-T1-6_contig.fa_viral_214__full-cat_1	1	False	False	4	0	0	False	0.0	3.0	0.0	0.0	0.0	1.0	0.0
HP-T1-6_contig.fa_viral_215__full-cat_2	2	False	False	7	0	0	False	0.0	5.0	0.0	0.0	2.0	0.0	0.0
HP-T1-6_contig.fa_viral_216__full-cat_1	1	False	False	8	0	0	False	0.0	6.0	0.0	0.0	1.0	1.0	0.0
HP-T1-6_contig.fa_viral_218__full-cat_2	2	False	False	11	0	0	False	0.0	11.0	0.0	0.0	0.0	0.0	0.0
HP-T1-6_contig.fa_viral_21__full-cat_2	2	False	False	7	2	0	False	0.0	7.0	0.0	0.0	0.0	0.0	0.0
HP-T1-6_contig.fa_viral_225__full-cat_1	1	False	False	6	1	0	False	0.0	6.0	0.0	0.0	0.0	0.0	0.0
HP-T1-6_contig.fa_viral_226__full-cat_1	1	False	False	4	0	0	False	0.0	4.0	0.0	0.0	0.0	0.0	0.0
HP-T1-6_contig.fa_viral_227__full-cat_1	1	False	False	8	0	0	False	0.0	7.0	0.0	0.0	1.0	0.0	0.0
HP-T1-6_contig.fa_viral_235__full-cat_2	2	False	False	4	0	0	False	0.0	3.0	0.0	0.0	1.0	0.0	0.0
HP-T1-6_contig.fa_viral_236__full-cat_1	1	False	False	24	2	0	False	0.041666666666666664	19.0	1.0	1.0	3.0	0.0	0.0
HP-T1-6_contig.fa_viral_23__full-cat_2	2	False	False	6	1	0	False	0.0	6.0	0.0	0.0	0.0	0.0	0.0
HP-T1-6_contig.fa_viral_242__full-cat_2	2	False	False	8	4	1	True	0.125	6.0	1.0	1.0	0.0	0.0	0.0
HP-T1-6_contig.fa_viral_249__full-cat_1	1	False	False	20	4	0	False	0.0	14.0	0.0	0.0	5.0	1.0	0.0
HP-T1-6_contig.fa_viral_24__full-cat_2	2	False	False	5	2	0	False	0.0	4.0	0.0	1.0	0.0	0.0	0.0
HP-T1-6_contig.fa_viral_250__full-cat_1	1	False	False	7	1	0	False	0.0	4.0	0.0	0.0	1.0	2.0	0.0
HP-T1-6_contig.fa_viral_253__full-cat_2	2	False	False	5	0	0	False	0.0	4.0	0.0	0.0	1.0	0.0	0.0
HP-T1-6_contig.fa_viral_254__full-cat_1	1	False	False	2	0	0	False	0.0	1.0	0.0	0.0	1.0	0.0	0.0
HP-T1-6_contig.fa_viral_255__full-cat_2	2	False	False	4	0	0	False	0.0	4.0	0.0	0.0	0.0	0.0	0.0
HP-T1-6_contig.fa_viral_260__full-cat_1	1	False	False	11	2	0	False	0.09090909090909091	9.0	1.0	0.0	1.0	0.0	0.0
HP-T1-6_contig.fa_viral_262__full-cat_2	2	False	False	15	3	0	False	0.0	14.0	0.0	0.0	1.0	0.0	0.0
HP-T1-6_contig.fa_viral_265__full-cat_1	1	False	False	2	0	0	False	0.0	2.0	0.0	0.0	0.0	0.0	0.0
HP-T1-6_contig.fa_viral_266__full-cat_1	1	False	False	18	4	0	False	0.0	15.0	0.0	0.0	3.0	0.0	0.0
HP-T1-6_contig.fa_viral_270__full-cat_1	1	False	False	4	0	0	False	0.0	3.0	0.0	1.0	0.0	0.0	0.0
HP-T1-6_contig.fa_viral_272__full-cat_2	2	False	False	17	0	0	False	0.0	10.0	1.0	3.0	1.0	0.0	2.0
HP-T1-6_contig.fa_viral_274__full-cat_2	2	False	False	15	0	0	False	0.0	14.0	0.0	0.0	1.0	0.0	0.0
HP-T1-6_contig.fa_viral_276__full-cat_2	2	False	False	6	1	0	False	0.0	6.0	0.0	0.0	0.0	0.0	0.0
HP-T1-6_contig.fa_viral_278__full-cat_1	1	False	False	3	0	0	False	0.0	3.0	0.0	0.0	0.0	0.0	0.0
HP-T1-6_contig.fa_viral_279__full-cat_2	2	False	False	4	2	0	False	0.0	3.0	0.0	0.0	1.0	0.0	0.0
HP-T1-6_contig.fa_viral_285__full-cat_2	2	False	False	7	1	0	False	0.0	7.0	0.0	0.0	0.0	0.0	0.0
HP-T1-6_contig.fa_viral_288__full-cat_1	1	False	False	10	3	1	False	0.2	8.0	2.0	0.0	0.0	0.0	0.0
HP-T1-6_contig.fa_viral_289__full-cat_2	2	False	False	4	1	0	False	0.25	3.0	1.0	0.0	0.0	0.0	0.0
HP-T1-6_contig.fa_viral_291__full-cat_2	2	False	False	9	3	0	False	0.0	6.0	0.0	1.0	2.0	0.0	0.0
HP-T1-6_contig.fa_viral_293__full-cat_1	1	False	False	7	2	0	False	0.0	6.0	0.0	0.0	0.0	1.0	0.0
HP-T1-6_contig.fa_viral_299__full-cat_2	2	False	False	7	0	0	False	0.0	7.0	0.0	0.0	0.0	0.0	0.0
HP-T1-6_contig.fa_viral_2__full-cat_2	2	False	False	3	0	0	False	0.0	0.0	0.0	0.0	3.0	0.0	0.0
HP-T1-6_contig.fa_viral_300__full-cat_2	2	False	False	8	0	0	False	0.0	7.0	0.0	0.0	1.0	0.0	0.0
HP-T1-6_contig.fa_viral_301__full-cat_2	2	False	False	11	1	0	False	0.0	10.0	0.0	1.0	0.0	0.0	0.0
HP-T1-6_contig.fa_viral_31__full-cat_1	1	False	False	5	0	0	False	0.0	4.0	0.0	0.0	1.0	0.0	0.0
HP-T1-6_contig.fa_viral_32__full-cat_2	2	False	False	5	0	0	False	0.0	4.0	0.0	0.0	1.0	0.0	0.0
HP-T1-6_contig.fa_viral_34__full-cat_1	1	False	False	9	3	0	True	0.0	4.0	0.0	2.0	2.0	1.0	0.0
HP-T1-6_contig.fa_viral_37__full-cat_1	1	False	False	38	6	0	False	0.0	37.0	0.0	0.0	1.0	0.0	0.0
HP-T1-6_contig.fa_viral_38__full-cat_1	1	False	False	5	0	0	False	0.0	5.0	0.0	0.0	0.0	0.0	0.0
HP-T1-6_contig.fa_viral_39__full-cat_2	2	False	False	32	4	0	False	0.0	28.0	0.0	1.0	3.0	0.0	0.0
HP-T1-6_contig.fa_viral_42__full-cat_1	1	False	False	73	4	0	True	0.0136986301369863	58.0	2.0	3.0	5.0	5.0	0.0
HP-T1-6_contig.fa_viral_47__full-cat_2	2	False	False	42	8	1	False	0.0	37.0	1.0	0.0	4.0	0.0	0.0
HP-T1-6_contig.fa_viral_48__full-cat_1	1	False	False	3	0	0	False	0.0	3.0	0.0	0.0	0.0	0.0	0.0
HP-T1-6_contig.fa_viral_4__full-cat_2	2	False	False	2	0	0	False	0.0	2.0	0.0	0.0	0.0	0.0	0.0
HP-T1-6_contig.fa_viral_52__full-cat_2	2	False	False	8	0	0	False	0.0	3.0	0.0	0.0	5.0	0.0	0.0
HP-T1-6_contig.fa_viral_53__full-cat_1	1	False	False	12	0	0	False	0.0	12.0	0.0	0.0	0.0	0.0	0.0
HP-T1-6_contig.fa_viral_55__full-cat_2	2	False	False	6	1	0	False	0.16666666666666666	5.0	1.0	0.0	0.0	0.0	0.0
HP-T1-6_contig.fa_viral_58__full-cat_2	2	False	False	5	1	0	True	0.0	2.0	0.0	3.0	0.0	0.0	0.0
HP-T1-6_contig.fa_viral_61__full-cat_2	2	False	False	6	0	0	False	0.0	6.0	0.0	0.0	0.0	0.0	0.0
HP-T1-6_contig.fa_viral_62__full-cat_1	1	False	False	4	0	0	False	0.0	3.0	0.0	0.0	0.0	1.0	0.0
HP-T1-6_contig.fa_viral_63__full-cat_1	1	False	False	5	0	0	False	0.0	4.0	0.0	0.0	1.0	0.0	0.0
HP-T1-6_contig.fa_viral_64__full-cat_1	1	False	False	3	0	0	False	0.0	3.0	0.0	0.0	0.0	0.0	0.0
HP-T1-6_contig.fa_viral_6__full-cat_1	1	False	False	4	0	0	False	0.0	4.0	0.0	0.0	0.0	0.0	0.0
HP-T1-6_contig.fa_viral_70__full-cat_1	1	False	False	3	1	0	False	0.0	3.0	0.0	0.0	0.0	0.0	0.0
HP-T1-6_contig.fa_viral_73__full-cat_2	2	False	False	2	0	0	False	0.0	2.0	0.0	0.0	0.0	0.0	0.0
HP-T1-6_contig.fa_viral_74__lt2gene-cat_1	1	False	False	1	0	0	False	0.0	1.0	0.0	0.0	0.0	0.0	0.0
HP-T1-6_contig.fa_viral_79__full-cat_2	2	False	False	3	0	0	False	0.3333333333333333	1.0	1.0	0.0	1.0	0.0	0.0
HP-T1-6_contig.fa_viral_80__full-cat_1	1	False	False	4	0	0	False	0.0	2.0	0.0	0.0	2.0	0.0	0.0
HP-T1-6_contig.fa_viral_83__full-cat_2	2	False	False	4	0	0	False	0.0	3.0	0.0	0.0	1.0	0.0	0.0
HP-T1-6_contig.fa_viral_93__full-cat_2	2	False	False	4	1	0	False	0.0	4.0	0.0	0.0	0.0	0.0	0.0
HP-T1-6_contig.fa_viral_97__full-cat_2	2	False	False	2	0	0	False	1.0	0.0	2.0	0.0	0.0	0.0	0.0
HP-T1-6_contig.fa_viral_98__full-cat_2	2	False	False	3	0	0	False	0.0	3.0	0.0	0.0	0.0	0.0	0.0
HP-T1-9_contig.fa_provirus_5__full-cat_1	1	False	False	2	0	0	False	0.0	2.0	0.0	0.0	0.0	0.0	0.0
HP-T1-9_contig.fa_viral_100__full-cat_2	2	False	False	16	0	0	False	0.0625	11.0	1.0	0.0	3.0	1.0	0.0
HP-T1-9_contig.fa_viral_101__full-cat_2	2	False	False	28	2	1	False	0.03571428571428571	22.0	2.0	2.0	2.0	0.0	0.0
HP-T1-9_contig.fa_viral_103__full-cat_1	1	False	False	5	0	0	False	0.0	4.0	0.0	0.0	1.0	0.0	0.0
HP-T1-9_contig.fa_viral_104__full-cat_1	1	False	False	5	0	0	False	0.0	4.0	0.0	0.0	0.0	1.0	0.0
HP-T1-9_contig.fa_viral_107__full-cat_1	1	False	False	5	0	0	False	0.0	3.0	0.0	0.0	2.0	0.0	0.0
HP-T1-9_contig.fa_viral_109__full-cat_2	2	False	False	6	1	0	False	0.0	6.0	0.0	0.0	0.0	0.0	0.0
HP-T1-9_contig.fa_viral_112__full-cat_2	2	False	False	24	1	1	False	0.041666666666666664	21.0	1.0	0.0	1.0	1.0	0.0
HP-T1-9_contig.fa_viral_115__full-cat_1	1	False	False	5	0	0	False	0.0	3.0	1.0	0.0	0.0	1.0	0.0
HP-T1-9_contig.fa_viral_11__full-cat_1	1	False	False	8	0	0	False	0.0	7.0	0.0	1.0	0.0	0.0	0.0
HP-T1-9_contig.fa_viral_120__full-cat_1	1	False	False	5	0	0	False	0.0	3.0	0.0	0.0	0.0	2.0	0.0
HP-T1-9_contig.fa_viral_121__full-cat_2	2	False	False	5	1	0	True	0.0	3.0	0.0	2.0	0.0	0.0	0.0
HP-T1-9_contig.fa_viral_123__full-cat_2	2	False	False	9	1	0	False	0.0	9.0	0.0	0.0	0.0	0.0	0.0
HP-T1-9_contig.fa_viral_128__lt2gene-cat_1	1	False	False	2	0	0	False	0.0	2.0	0.0	0.0	0.0	0.0	0.0
HP-T1-9_contig.fa_viral_130__full-cat_2	2	False	False	5	0	0	False	0.0	4.0	0.0	0.0	1.0	0.0	0.0
HP-T1-9_contig.fa_viral_133__full-cat_1	1	False	False	9	0	0	False	0.0	8.0	0.0	0.0	1.0	0.0	0.0
HP-T1-9_contig.fa_viral_13__lt2gene-cat_1	1	False	False	2	0	0	False	0.0	2.0	0.0	0.0	0.0	0.0	0.0
HP-T1-9_contig.fa_viral_141__full-cat_2	2	False	False	6	1	0	True	0.0	5.0	0.0	0.0	1.0	0.0	0.0
HP-T1-9_contig.fa_viral_147__full-cat_1	1	False	False	4	0	0	False	0.0	3.0	0.0	0.0	0.0	1.0	0.0
HP-T1-9_contig.fa_viral_149__full-cat_1	1	False	False	7	0	0	False	0.0	5.0	0.0	1.0	0.0	1.0	0.0
HP-T1-9_contig.fa_viral_14__full-cat_2	2	False	False	6	1	0	False	0.0	5.0	0.0	1.0	0.0	0.0	0.0
HP-T1-9_contig.fa_viral_150__full-cat_1	1	False	False	6	0	0	False	0.0	5.0	0.0	0.0	1.0	0.0	0.0
HP-T1-9_contig.fa_viral_154__full-cat_2	2	False	False	7	0	0	False	0.0	7.0	0.0	0.0	0.0	0.0	0.0
HP-T1-9_contig.fa_viral_159__full-cat_2	2	False	False	13	0	0	False	0.0	13.0	0.0	0.0	0.0	0.0	0.0
HP-T1-9_contig.fa_viral_162__full-cat_1	1	False	False	9	3	0	False	0.1111111111111111	4.0	1.0	0.0	3.0	1.0	0.0
HP-T1-9_contig.fa_viral_166__full-cat_2	2	False	False	4	0	0	True	0.0	1.0	0.0	3.0	0.0	0.0	0.0
HP-T1-9_contig.fa_viral_16__full-cat_2	2	False	False	19	2	0	False	0.0	18.0	0.0	0.0	1.0	0.0	0.0
HP-T1-9_contig.fa_viral_173__full-cat_2	2	False	False	4	0	0	False	0.0	3.0	0.0	1.0	0.0	0.0	0.0
HP-T1-9_contig.fa_viral_174__full-cat_2	2	False	False	35	1	1	False	0.02857142857142857	29.0	2.0	0.0	4.0	0.0	0.0
HP-T1-9_contig.fa_viral_175__full-cat_2	2	False	False	7	0	0	False	0.0	6.0	0.0	0.0	1.0	0.0	0.0
HP-T1-9_contig.fa_viral_176__full-cat_1	1	False	False	7	0	0	False	0.0	6.0	0.0	0.0	0.0	1.0	0.0
HP-T1-9_contig.fa_viral_177__full-cat_1	1	False	False	4	1	0	False	0.0	4.0	0.0	0.0	0.0	0.0	0.0
HP-T1-9_contig.fa_viral_17__full-cat_1	1	False	False	6	0	0	False	0.0	5.0	0.0	0.0	0.0	1.0	0.0
HP-T1-9_contig.fa_viral_182__full-cat_1	1	False	False	5	0	0	False	0.0	3.0	0.0	0.0	2.0	0.0	0.0
HP-T1-9_contig.fa_viral_183__full-cat_2	2	False	False	7	0	0	False	0.0	7.0	0.0	0.0	0.0	0.0	0.0
HP-T1-9_contig.fa_viral_184__full-cat_2	2	False	False	5	0	0	True	0.0	3.0	0.0	1.0	1.0	0.0	0.0
HP-T1-9_contig.fa_viral_185__full-cat_2	2	False	False	7	0	0	False	0.0	6.0	0.0	0.0	1.0	0.0	0.0
HP-T1-9_contig.fa_viral_186__full-cat_2	2	False	False	4	1	0	True	0.0	1.0	0.0	3.0	0.0	0.0	0.0
HP-T1-9_contig.fa_viral_189__full-cat_1	1	False	False	7	0	0	False	0.0	6.0	0.0	0.0	0.0	1.0	0.0
HP-T1-9_contig.fa_viral_190__full-cat_2	2	False	False	7	1	0	False	0.0	7.0	0.0	0.0	0.0	0.0	0.0
HP-T1-9_contig.fa_viral_194__full-cat_2	2	False	False	2	0	0	False	0.0	1.0	0.0	1.0	0.0	0.0	0.0
HP-T1-9_contig.fa_viral_1__full-cat_2	2	False	False	4	0	0	False	0.0	4.0	0.0	0.0	0.0	0.0	0.0
HP-T1-9_contig.fa_viral_200__full-cat_1	1	False	False	5	0	0	False	0.0	3.0	0.0	0.0	1.0	1.0	0.0
HP-T1-9_contig.fa_viral_20__full-cat_1	1	False	False	5	0	0	False	0.0	5.0	0.0	0.0	0.0	0.0	0.0
HP-T1-9_contig.fa_viral_211__full-cat_1	1	False	False	12	1	0	False	0.0	11.0	0.0	1.0	0.0	0.0	0.0
HP-T1-9_contig.fa_viral_214__full-cat_2	2	False	False	4	1	0	True	0.0	3.0	0.0	1.0	0.0	0.0	0.0
HP-T1-9_contig.fa_viral_219__full-cat_2	2	False	False	8	1	0	False	0.0	7.0	0.0	1.0	0.0	0.0	0.0
HP-T1-9_contig.fa_viral_226__full-cat_2	2	False	False	4	0	0	False	0.0	4.0	0.0	0.0	0.0	0.0	0.0
HP-T1-9_contig.fa_viral_227__full-cat_2	2	False	False	4	0	0	False	0.0	4.0	0.0	0.0	0.0	0.0	0.0
HP-T1-9_contig.fa_viral_22__full-cat_1	1	False	False	5	0	0	False	0.0	4.0	0.0	0.0	0.0	1.0	0.0
HP-T1-9_contig.fa_viral_230__full-cat_2	2	False	False	5	0	0	False	0.0	5.0	0.0	0.0	0.0	0.0	0.0
HP-T1-9_contig.fa_viral_233__full-cat_2	2	False	False	16	1	0	False	0.0	14.0	0.0	0.0	2.0	0.0	0.0
HP-T1-9_contig.fa_viral_234__full-cat_1	1	False	False	15	0	0	False	0.0	12.0	0.0	0.0	3.0	0.0	0.0
HP-T1-9_contig.fa_viral_236__full-cat_2	2	False	False	19	0	0	False	0.0	18.0	0.0	0.0	1.0	0.0	0.0
HP-T1-9_contig.fa_viral_238__full-cat_2	2	False	False	7	0	0	False	0.0	6.0	0.0	1.0	0.0	0.0	0.0
HP-T1-9_contig.fa_viral_239__full-cat_1	1	False	False	11	0	0	False	0.0	9.0	0.0	0.0	2.0	0.0	0.0
HP-T1-9_contig.fa_viral_241__full-cat_2	2	False	False	10	0	0	False	0.2	7.0	2.0	0.0	1.0	0.0	0.0
HP-T1-9_contig.fa_viral_242__full-cat_2	2	False	False	8	0	0	False	0.0	8.0	0.0	0.0	0.0	0.0	0.0
HP-T1-9_contig.fa_viral_245__full-cat_2	2	False	False	9	0	0	False	0.0	9.0	0.0	0.0	0.0	0.0	0.0
HP-T1-9_contig.fa_viral_249__full-cat_2	2	False	False	6	0	0	False	0.0	6.0	0.0	0.0	0.0	0.0	0.0
HP-T1-9_contig.fa_viral_252__full-cat_1	1	False	False	32	0	0	False	0.0	30.0	0.0	1.0	1.0	0.0	0.0
HP-T1-9_contig.fa_viral_253__full-cat_2	2	False	False	8	0	0	False	0.0	5.0	0.0	1.0	2.0	0.0	0.0
HP-T1-9_contig.fa_viral_254__full-cat_2	2	False	False	14	2	0	False	0.07142857142857142	11.0	1.0	0.0	2.0	0.0	0.0
HP-T1-9_contig.fa_viral_255__full-cat_2	2	False	False	5	1	0	False	0.0	5.0	0.0	0.0	0.0	0.0	0.0
HP-T1-9_contig.fa_viral_25__full-cat_1	1	False	False	5	0	0	False	0.0	4.0	0.0	0.0	0.0	1.0	0.0
HP-T1-9_contig.fa_viral_263__full-cat_2	2	False	False	6	0	0	False	0.0	4.0	0.0	1.0	1.0	0.0	0.0
HP-T1-9_contig.fa_viral_265__full-cat_2	2	False	False	6	0	0	False	0.0	6.0	0.0	0.0	0.0	0.0	0.0
HP-T1-9_contig.fa_viral_26__full-cat_2	2	False	False	3	0	0	False	0.3333333333333333	2.0	1.0	0.0	0.0	0.0	0.0
HP-T1-9_contig.fa_viral_271__full-cat_2	2	False	False	3	2	0	False	0.6666666666666666	1.0	2.0	0.0	0.0	0.0	0.0
HP-T1-9_contig.fa_viral_273__full-cat_1	1	False	False	5	0	0	False	0.0	4.0	0.0	0.0	1.0	0.0	0.0
HP-T1-9_contig.fa_viral_275__full-cat_2	2	False	False	20	2	0	False	0.0	17.0	0.0	0.0	3.0	0.0	0.0
HP-T1-9_contig.fa_viral_276__full-cat_1	1	False	False	5	0	0	False	0.0	1.0	0.0	0.0	3.0	1.0	0.0
HP-T1-9_contig.fa_viral_277__full-cat_2	2	False	False	7	0	0	False	0.0	4.0	0.0	0.0	0.0	3.0	0.0
HP-T1-9_contig.fa_viral_27__full-cat_1	1	False	False	24	0	0	False	0.0	20.0	0.0	0.0	4.0	0.0	0.0
HP-T1-9_contig.fa_viral_280__full-cat_2	2	False	False	5	1	0	False	0.0	4.0	0.0	1.0	0.0	0.0	0.0
HP-T1-9_contig.fa_viral_283__full-cat_2	2	False	False	3	0	0	False	0.0	3.0	0.0	0.0	0.0	0.0	0.0
HP-T1-9_contig.fa_viral_285__full-cat_2	2	False	False	12	0	0	False	0.0	10.0	0.0	0.0	1.0	1.0	0.0
HP-T1-9_contig.fa_viral_288__full-cat_1	1	False	False	4	0	0	False	0.0	4.0	0.0	0.0	0.0	0.0	0.0
HP-T1-9_contig.fa_viral_289__full-cat_1	1	False	False	8	0	0	False	0.0	7.0	0.0	0.0	0.0	1.0	0.0
HP-T1-9_contig.fa_viral_28__full-cat_1	1	False	False	9	0	0	False	0.0	9.0	0.0	0.0	0.0	0.0	0.0
HP-T1-9_contig.fa_viral_290__full-cat_1	1	False	False	3	1	0	False	0.0	3.0	0.0	0.0	0.0	0.0	0.0
HP-T1-9_contig.fa_viral_291__full-cat_1	1	False	False	4	0	0	False	0.0	4.0	0.0	0.0	0.0	0.0	0.0
HP-T1-9_contig.fa_viral_294__full-cat_1	1	False	False	4	0	0	False	0.0	4.0	0.0	0.0	0.0	0.0	0.0
HP-T1-9_contig.fa_viral_295__full-cat_2	2	False	False	3	0	0	False	0.0	2.0	0.0	0.0	1.0	0.0	0.0
HP-T1-9_contig.fa_viral_299__full-cat_1	1	False	False	88	3	0	False	0.03409090909090909	74.0	3.0	3.0	8.0	0.0	0.0
HP-T1-9_contig.fa_viral_300__full-cat_2	2	False	False	10	0	0	False	0.0	8.0	0.0	0.0	1.0	1.0	0.0
HP-T1-9_contig.fa_viral_301__full-cat_2	2	False	False	8	0	0	False	0.0	5.0	0.0	2.0	1.0	0.0	0.0
HP-T1-9_contig.fa_viral_308__full-cat_2	2	False	False	9	0	0	False	0.0	8.0	0.0	0.0	1.0	0.0	0.0
HP-T1-9_contig.fa_viral_310__full-cat_1	1	False	False	3	0	0	False	0.0	3.0	0.0	0.0	0.0	0.0	0.0
HP-T1-9_contig.fa_viral_312__full-cat_1	1	False	False	3	0	0	False	0.0	3.0	0.0	0.0	0.0	0.0	0.0
HP-T1-9_contig.fa_viral_318__0_partial-cat_4	4	False	True	19	3	0	False	0.0	17.0	0.0	1.0	1.0	0.0	0.0
HP-T1-9_contig.fa_viral_324__full-cat_2	2	False	False	6	0	0	False	0.0	4.0	0.0	0.0	2.0	0.0	0.0
HP-T1-9_contig.fa_viral_326__full-cat_2	2	False	False	12	1	0	False	0.0	10.0	0.0	0.0	2.0	0.0	0.0
HP-T1-9_contig.fa_viral_328__full-cat_1	1	False	False	8	0	0	False	0.0	5.0	0.0	0.0	1.0	2.0	0.0
HP-T1-9_contig.fa_viral_329__full-cat_2	2	False	False	6	0	0	False	0.0	5.0	0.0	0.0	1.0	0.0	0.0
HP-T1-9_contig.fa_viral_32__full-cat_2	2	False	False	10	0	0	False	0.0	8.0	0.0	0.0	2.0	0.0	0.0
HP-T1-9_contig.fa_viral_331__full-cat_2	2	False	False	4	0	0	False	0.0	4.0	0.0	0.0	0.0	0.0	0.0
HP-T1-9_contig.fa_viral_333__full-cat_1	1	False	False	7	0	0	False	0.0	5.0	0.0	0.0	2.0	0.0	0.0
HP-T1-9_contig.fa_viral_334__full-cat_1	1	False	False	6	0	0	False	0.0	4.0	0.0	0.0	0.0	2.0	0.0
HP-T1-9_contig.fa_viral_335__full-cat_1	1	False	False	8	0	0	False	0.0	7.0	0.0	0.0	1.0	0.0	0.0
HP-T1-9_contig.fa_viral_337__full-cat_1	1	False	False	6	1	0	False	0.0	6.0	0.0	0.0	0.0	0.0	0.0
HP-T1-9_contig.fa_viral_338__full-cat_2	2	False	False	8	1	0	False	0.0	8.0	0.0	0.0	0.0	0.0	0.0
HP-T1-9_contig.fa_viral_341__full-cat_1	1	False	False	4	0	0	False	0.0	4.0	0.0	0.0	0.0	0.0	0.0
HP-T1-9_contig.fa_viral_343__full-cat_2	2	False	False	5	1	0	False	0.0	3.0	0.0	1.0	1.0	0.0	0.0
HP-T1-9_contig.fa_viral_347__full-cat_2	2	False	False	6	0	0	False	0.0	6.0	0.0	0.0	0.0	0.0	0.0
HP-T1-9_contig.fa_viral_349__full-cat_2	2	False	False	7	1	0	False	0.0	7.0	0.0	0.0	0.0	0.0	0.0
HP-T1-9_contig.fa_viral_353__full-cat_2	2	False	False	7	0	0	False	0.0	5.0	0.0	1.0	1.0	0.0	0.0
HP-T1-9_contig.fa_viral_354__full-cat_1	1	False	False	7	0	0	False	0.0	3.0	0.0	0.0	3.0	1.0	0.0
HP-T1-9_contig.fa_viral_357__full-cat_1	1	False	False	5	0	0	False	0.0	5.0	0.0	0.0	0.0	0.0	0.0
HP-T1-9_contig.fa_viral_358__full-cat_2	2	False	False	7	1	0	False	0.0	7.0	0.0	0.0	0.0	0.0	0.0
HP-T1-9_contig.fa_viral_35__full-cat_2	2	False	False	3	0	0	False	0.0	3.0	0.0	0.0	0.0	0.0	0.0
HP-T1-9_contig.fa_viral_362__full-cat_2	2	False	False	5	0	0	False	0.0	5.0	0.0	0.0	0.0	0.0	0.0
HP-T1-9_contig.fa_viral_378__full-cat_2	2	False	False	3	0	0	False	0.0	3.0	0.0	0.0	0.0	0.0	0.0
HP-T1-9_contig.fa_viral_37__full-cat_1	1	False	False	8	0	0	False	0.0	7.0	0.0	0.0	1.0	0.0	0.0
HP-T1-9_contig.fa_viral_383__full-cat_1	1	False	False	4	2	0	False	0.25	3.0	1.0	0.0	0.0	0.0	0.0
HP-T1-9_contig.fa_viral_386__full-cat_2	2	False	False	19	0	0	False	0.0	16.0	0.0	0.0	3.0	0.0	0.0
HP-T1-9_contig.fa_viral_390__full-cat_2	2	False	False	12	0	0	False	0.0	11.0	0.0	1.0	0.0	0.0	0.0
HP-T1-9_contig.fa_viral_393__full-cat_2	2	False	False	7	0	0	False	0.0	5.0	0.0	0.0	2.0	0.0	0.0
HP-T1-9_contig.fa_viral_394__full-cat_2	2	False	False	2	0	0	False	0.0	1.0	1.0	0.0	0.0	0.0	0.0
HP-T1-9_contig.fa_viral_395__full-cat_2	2	False	False	8	1	0	False	0.0	6.0	0.0	1.0	1.0	0.0	0.0
HP-T1-9_contig.fa_viral_396__lt2gene-cat_1	1	False	False	2	0	0	False	0.0	2.0	0.0	0.0	0.0	0.0	0.0
HP-T1-9_contig.fa_viral_399__lt2gene-cat_1	1	False	False	1	0	0	False	0.0	1.0	0.0	0.0	0.0	0.0	0.0
HP-T1-9_contig.fa_viral_400__full-cat_2	2	False	False	2	0	0	True	0.0	2.0	0.0	0.0	0.0	0.0	0.0
HP-T1-9_contig.fa_viral_401__lt2gene-cat_1	1	False	False	2	0	0	False	0.0	2.0	0.0	0.0	0.0	0.0	0.0
HP-T1-9_contig.fa_viral_40__full-cat_2	2	False	False	4	0	0	False	0.0	3.0	0.0	0.0	0.0	1.0	0.0
HP-T1-9_contig.fa_viral_41__full-cat_2	2	False	False	5	0	0	False	0.0	4.0	0.0	0.0	1.0	0.0	0.0
HP-T1-9_contig.fa_viral_42__full-cat_2	2	False	False	7	0	0	False	0.0	5.0	0.0	2.0	0.0	0.0	0.0
HP-T1-9_contig.fa_viral_44__full-cat_2	2	False	False	7	1	0	False	0.0	7.0	0.0	0.0	0.0	0.0	0.0
HP-T1-9_contig.fa_viral_45__full-cat_2	2	False	False	6	0	0	False	0.16666666666666666	5.0	1.0	0.0	0.0	0.0	0.0
HP-T1-9_contig.fa_viral_46__0_partial-cat_4	4	False	True	14	1	0	False	0.0	12.0	0.0	0.0	2.0	0.0	0.0
HP-T1-9_contig.fa_viral_48__full-cat_1	1	False	False	13	0	1	False	0.0	10.0	0.0	0.0	2.0	1.0	0.0
HP-T1-9_contig.fa_viral_54__full-cat_1	1	False	False	18	2	0	False	0.0	14.0	0.0	0.0	1.0	3.0	0.0
HP-T1-9_contig.fa_viral_74__full-cat_1	1	False	False	4	0	0	False	0.0	2.0	0.0	0.0	2.0	0.0	0.0
HP-T1-9_contig.fa_viral_76__full-cat_2	2	False	False	3	0	0	False	0.0	2.0	0.0	0.0	1.0	0.0	0.0
HP-T1-9_contig.fa_viral_78__full-cat_2	2	False	False	5	2	0	True	0.0	2.0	0.0	3.0	0.0	0.0	0.0
HP-T1-9_contig.fa_viral_7__full-cat_2	2	False	False	4	0	0	False	0.0	3.0	0.0	1.0	0.0	0.0	0.0
HP-T1-9_contig.fa_viral_82__full-cat_2	2	False	False	10	1	0	False	0.0	9.0	0.0	0.0	1.0	0.0	0.0
HP-T1-9_contig.fa_viral_85__full-cat_1	1	False	False	9	0	0	False	0.0	6.0	0.0	1.0	1.0	1.0	0.0
HP-T1-9_contig.fa_viral_86__full-cat_2	2	False	False	3	0	0	False	0.0	2.0	0.0	1.0	0.0	0.0	0.0
HP-T1-9_contig.fa_viral_87__full-cat_2	2	False	False	5	1	0	False	0.0	2.0	0.0	1.0	2.0	0.0	0.0
HP-T1-9_contig.fa_viral_88__full-cat_1	1	False	False	4	0	0	False	0.0	3.0	0.0	0.0	0.0	1.0	0.0
HP-T1-9_contig.fa_viral_91__full-cat_2	2	False	False	6	1	0	True	0.0	4.0	0.0	2.0	0.0	0.0	0.0
HP-T1-9_contig.fa_viral_9__full-cat_1	1	False	False	10	0	0	False	0.0	10.0	0.0	0.0	0.0	0.0	0.0
RC-T1-3_contig.fa_viral_11__full-cat_2	2	False	False	3	0	0	False	0.3333333333333333	2.0	1.0	0.0	0.0	0.0	0.0
RC-T1-3_contig.fa_viral_13__full-cat_1	1	False	False	23	5	0	False	0.0	23.0	0.0	0.0	0.0	0.0	0.0
RC-T1-3_contig.fa_viral_19__full-cat_2	2	False	False	3	0	0	False	0.0	2.0	0.0	1.0	0.0	0.0	0.0
RC-T1-3_contig.fa_viral_1__full-cat_1	1	False	False	3	0	0	False	0.0	2.0	0.0	0.0	0.0	1.0	0.0
RC-T1-3_contig.fa_viral_21__full-cat_1	1	False	False	6	2	0	False	0.0	5.0	0.0	0.0	0.0	1.0	0.0
RC-T1-3_contig.fa_viral_23__full-cat_2	2	False	False	12	0	0	False	0.0	11.0	0.0	0.0	1.0	0.0	0.0
RC-T1-3_contig.fa_viral_30__full-cat_2	2	False	False	5	0	0	True	0.0	5.0	0.0	0.0	0.0	0.0	0.0
RC-T1-3_contig.fa_viral_32__full-cat_2	2	False	False	4	0	0	False	0.0	3.0	0.0	1.0	0.0	0.0	0.0
RC-T1-3_contig.fa_viral_33__full-cat_2	2	False	False	2	0	0	False	0.0	1.0	0.0	1.0	0.0	0.0	0.0
RC-T1-3_contig.fa_viral_34__full-cat_2	2	False	False	18	0	0	False	0.0	13.0	2.0	0.0	3.0	0.0	0.0
RC-T1-3_contig.fa_viral_40__full-cat_2	2	False	False	14	0	1	False	0.2857142857142857	8.0	4.0	0.0	2.0	0.0	0.0
RC-T1-3_contig.fa_viral_43__full-cat_1	1	False	False	24	2	0	False	0.0	21.0	0.0	0.0	1.0	2.0	0.0
RC-T1-3_contig.fa_viral_46__full-cat_2	2	False	False	3	0	0	False	0.0	2.0	0.0	1.0	0.0	0.0	0.0
RC-T1-3_contig.fa_viral_48__full-cat_1	1	False	False	5	3	0	False	0.0	5.0	0.0	0.0	0.0	0.0	0.0
RC-T1-3_contig.fa_viral_52__full-cat_2	2	False	False	6	0	0	False	0.0	5.0	0.0	0.0	1.0	0.0	0.0
RC-T1-3_contig.fa_viral_55__lt2gene-cat_1	1	False	False	1	0	0	False	0.0	1.0	0.0	0.0	0.0	0.0	0.0
RC-T1-3_contig.fa_viral_60__full-cat_2	2	False	False	3	0	0	True	0.0	0.0	0.0	3.0	0.0	0.0	0.0
RC-T1-3_contig.fa_viral_81__full-cat_2	2	False	False	4	2	0	True	0.0	4.0	0.0	0.0	0.0	0.0	0.0
RC-T1-3_contig.fa_viral_83__full-cat_1	1	False	False	4	0	0	False	0.0	2.0	0.0	0.0	0.0	2.0	0.0
RC-T1-3_contig.fa_viral_84__full-cat_2	2	False	False	9	1	0	False	0.0	9.0	0.0	0.0	0.0	0.0	0.0
RC-T1-3_contig.fa_viral_85__full-cat_2	2	False	False	11	0	0	False	0.0	11.0	0.0	0.0	0.0	0.0	0.0
RC-T1-3_contig.fa_viral_86__full-cat_1	1	False	False	6	0	0	False	0.0	5.0	0.0	0.0	0.0	1.0	0.0
RC-T1-3_contig.fa_viral_88__full-cat_1	1	False	False	8	0	0	False	0.0	5.0	0.0	0.0	3.0	0.0	0.0
RC-T1-3_contig.fa_viral_93__full-cat_2	2	False	False	7	2	0	False	0.0	6.0	0.0	1.0	0.0	0.0	0.0
RC-T1-6_contig.fa_viral_14__full-cat_2	2	False	False	3	1	0	True	0.0	3.0	0.0	0.0	0.0	0.0	0.0
RC-T1-6_contig.fa_viral_15__full-cat_2	2	False	False	3	0	0	True	0.0	3.0	0.0	0.0	0.0	0.0	0.0
RC-T1-6_contig.fa_viral_18__full-cat_2	2	False	False	12	2	0	False	0.0	11.0	0.0	0.0	1.0	0.0	0.0
RC-T1-6_contig.fa_viral_19__full-cat_2	2	False	False	8	0	0	False	0.0	4.0	0.0	0.0	3.0	0.0	1.0
RC-T1-6_contig.fa_viral_21__full-cat_1	1	False	False	10	0	0	False	0.0	7.0	0.0	0.0	2.0	0.0	1.0
RC-T1-6_contig.fa_viral_22__full-cat_2	2	False	False	2	0	0	False	0.0	1.0	0.0	1.0	0.0	0.0	0.0
RC-T1-6_contig.fa_viral_29__full-cat_2	2	False	False	9	0	0	False	0.0	8.0	0.0	0.0	1.0	0.0	0.0
RC-T1-6_contig.fa_viral_34__full-cat_2	2	False	False	3	0	0	True	0.0	0.0	0.0	3.0	0.0	0.0	0.0
RC-T1-6_contig.fa_viral_37__full-cat_2	2	False	False	3	0	0	False	0.3333333333333333	2.0	1.0	0.0	0.0	0.0	0.0
RC-T1-6_contig.fa_viral_46__full-cat_2	2	False	False	7	0	0	False	0.0	7.0	0.0	0.0	0.0	0.0	0.0
RC-T1-6_contig.fa_viral_7__full-cat_2	2	False	False	3	0	0	True	0.0	1.0	0.0	2.0	0.0	0.0	0.0
RC-T1-9_contig.fa_provirus_3__full-cat_1	1	False	False	3	0	0	False	0.0	2.0	0.0	0.0	0.0	1.0	0.0
RC-T1-9_contig.fa_viral_103__full-cat_2	2	False	False	4	0	0	False	0.0	3.0	0.0	1.0	0.0	0.0	0.0
RC-T1-9_contig.fa_viral_104__full-cat_1	1	False	False	55	8	0	False	0.0	51.0	0.0	1.0	2.0	1.0	0.0
RC-T1-9_contig.fa_viral_11__full-cat_1	1	False	False	13	2	0	False	0.15384615384615385	8.0	3.0	2.0	0.0	0.0	0.0
RC-T1-9_contig.fa_viral_16__full-cat_1	1	False	False	8	0	0	False	0.0	7.0	0.0	0.0	0.0	1.0	0.0
RC-T1-9_contig.fa_viral_21__full-cat_2	2	False	False	3	1	0	False	0.0	3.0	0.0	0.0	0.0	0.0	0.0
RC-T1-9_contig.fa_viral_22__full-cat_1	1	False	False	9	0	0	False	0.0	9.0	0.0	0.0	0.0	0.0	0.0
RC-T1-9_contig.fa_viral_25__full-cat_2	2	False	False	5	1	0	False	0.0	5.0	0.0	0.0	0.0	0.0	0.0
RC-T1-9_contig.fa_viral_27__full-cat_2	2	False	False	3	0	0	False	0.3333333333333333	2.0	1.0	0.0	0.0	0.0	0.0
RC-T1-9_contig.fa_viral_28__full-cat_1	1	False	False	4	0	0	False	0.0	3.0	0.0	0.0	0.0	1.0	0.0
RC-T1-9_contig.fa_viral_30__full-cat_1	1	False	False	7	3	0	True	0.0	7.0	0.0	0.0	0.0	0.0	0.0
RC-T1-9_contig.fa_viral_36__full-cat_1	1	False	False	6	0	0	False	0.0	5.0	0.0	0.0	0.0	1.0	0.0
RC-T1-9_contig.fa_viral_44__full-cat_1	1	False	False	4	0	0	False	0.0	4.0	0.0	0.0	0.0	0.0	0.0
RC-T1-9_contig.fa_viral_45__full-cat_2	2	False	False	4	1	0	True	0.25	3.0	1.0	0.0	0.0	0.0	0.0
RC-T1-9_contig.fa_viral_47__full-cat_1	1	False	False	6	0	0	False	0.0	5.0	0.0	0.0	0.0	1.0	0.0
RC-T1-9_contig.fa_viral_62__full-cat_1	1	False	False	8	3	0	False	0.0	7.0	0.0	0.0	1.0	0.0	0.0
RC-T1-9_contig.fa_viral_63__full-cat_2	2	False	False	5	0	0	False	0.0	5.0	0.0	0.0	0.0	0.0	0.0
RC-T1-9_contig.fa_viral_6__full-cat_2	2	False	False	4	0	0	False	0.25	2.0	1.0	0.0	1.0	0.0	0.0
RC-T1-9_contig.fa_viral_70__full-cat_1	1	False	False	3	2	0	False	0.0	2.0	0.0	0.0	0.0	1.0	0.0
RC-T1-9_contig.fa_viral_74__full-cat_2	2	False	False	9	2	0	False	0.0	8.0	0.0	1.0	0.0	0.0	0.0
RC-T1-9_contig.fa_viral_78__full-cat_2	2	False	False	3	0	0	False	0.0	3.0	0.0	0.0	0.0	0.0	0.0
RC-T1-9_contig.fa_viral_7__full-cat_2	2	False	False	6	0	0	True	0.3333333333333333	4.0	2.0	0.0	0.0	0.0	0.0
RC-T1-9_contig.fa_viral_81__full-cat_2	2	False	False	7	2	0	False	0.0	5.0	0.0	2.0	0.0	0.0	0.0
RC-T1-9_contig.fa_viral_83__full-cat_2	2	False	False	4	1	0	True	0.0	1.0	0.0	3.0	0.0	0.0	0.0
RC-T1-9_contig.fa_viral_84__full-cat_1	1	False	False	11	0	0	False	0.0	11.0	0.0	0.0	0.0	0.0	0.0
RC-T1-9_contig.fa_viral_85__full-cat_2	2	False	False	3	0	0	True	0.0	1.0	0.0	2.0	0.0	0.0	0.0
RC-T1-9_contig.fa_viral_86__full-cat_1	1	False	False	8	2	0	False	0.0	8.0	0.0	0.0	0.0	0.0	0.0
RC-T1-9_contig.fa_viral_89__full-cat_1	1	False	False	6	2	0	False	0.0	6.0	0.0	0.0	0.0	0.0	0.0
RP-T1-3_contig.fa_provirus_14__full-cat_1	1	False	False	2	0	0	False	0.0	1.0	0.0	0.0	0.0	1.0	0.0
RP-T1-3_contig.fa_provirus_19__lt2gene-cat_1	1	False	False	1	0	0	False	0.0	1.0	0.0	0.0	0.0	0.0	0.0
RP-T1-3_contig.fa_provirus_20__full-cat_2	2	False	False	3	0	0	False	0.0	1.0	0.0	0.0	2.0	0.0	0.0
RP-T1-3_contig.fa_provirus_21__full-cat_1	1	False	False	3	0	0	False	0.0	2.0	0.0	0.0	0.0	1.0	0.0
RP-T1-3_contig.fa_provirus_2__full-cat_1	1	False	False	6	0	0	False	0.0	6.0	0.0	0.0	0.0	0.0	0.0
RP-T1-3_contig.fa_provirus_6__full-cat_2	2	False	False	5	0	0	False	0.0	4.0	0.0	1.0	0.0	0.0	0.0
RP-T1-3_contig.fa_viral_107__full-cat_1	1	False	False	7	0	0	False	0.0	5.0	0.0	0.0	0.0	2.0	0.0
RP-T1-3_contig.fa_viral_108__full-cat_1	1	False	False	4	0	0	False	0.0	4.0	0.0	0.0	0.0	0.0	0.0
RP-T1-3_contig.fa_viral_112__full-cat_1	1	False	False	3	0	0	False	0.0	2.0	0.0	0.0	0.0	1.0	0.0
RP-T1-3_contig.fa_viral_11__lt2gene-cat_1	1	False	False	2	0	0	False	0.0	2.0	0.0	0.0	0.0	0.0	0.0
RP-T1-3_contig.fa_viral_130__full-cat_1	1	False	False	5	0	0	False	0.0	5.0	0.0	0.0	0.0	0.0	0.0
RP-T1-3_contig.fa_viral_137__full-cat_1	1	False	False	12	0	0	False	0.0	11.0	0.0	0.0	1.0	0.0	0.0
RP-T1-3_contig.fa_viral_139__full-cat_2	2	False	False	4	0	0	False	0.75	1.0	3.0	0.0	0.0	0.0	0.0
RP-T1-3_contig.fa_viral_13__full-cat_2	2	False	False	7	2	0	False	0.0	7.0	0.0	0.0	0.0	0.0	0.0
RP-T1-3_contig.fa_viral_143__full-cat_2	2	False	False	4	0	0	False	0.0	3.0	0.0	0.0	1.0	0.0	0.0
RP-T1-3_contig.fa_viral_148__full-cat_1	1	False	False	12	2	0	False	0.08333333333333333	9.0	1.0	1.0	0.0	1.0	0.0
RP-T1-3_contig.fa_viral_149__full-cat_2	2	False	False	4	2	0	False	0.0	4.0	0.0	0.0	0.0	0.0	0.0
RP-T1-3_contig.fa_viral_152__full-cat_2	2	False	False	18	0	0	False	0.0	18.0	0.0	0.0	0.0	0.0	0.0
RP-T1-3_contig.fa_viral_153__full-cat_1	1	False	False	3	0	0	False	0.0	3.0	0.0	0.0	0.0	0.0	0.0
RP-T1-3_contig.fa_viral_158__full-cat_2	2	False	False	5	0	0	False	0.2	4.0	1.0	0.0	0.0	0.0	0.0
RP-T1-3_contig.fa_viral_163__full-cat_2	2	False	False	6	0	0	False	0.0	5.0	0.0	0.0	1.0	0.0	0.0
RP-T1-3_contig.fa_viral_173__full-cat_2	2	False	False	8	1	0	False	0.0	8.0	0.0	0.0	0.0	0.0	0.0
RP-T1-3_contig.fa_viral_175__full-cat_1	1	False	False	4	0	0	False	0.0	3.0	0.0	0.0	0.0	1.0	0.0
RP-T1-3_contig.fa_viral_17__full-cat_2	2	False	False	3	0	0	False	0.0	3.0	0.0	0.0	0.0	0.0	0.0
RP-T1-3_contig.fa_viral_185__full-cat_2	2	False	False	6	0	0	False	0.16666666666666666	5.0	1.0	0.0	0.0	0.0	0.0
RP-T1-3_contig.fa_viral_197__full-cat_2	2	False	False	10	1	0	False	0.0	9.0	0.0	0.0	1.0	0.0	0.0
RP-T1-3_contig.fa_viral_19__full-cat_2	2	False	False	3	0	0	False	0.0	1.0	0.0	2.0	0.0	0.0	0.0
RP-T1-3_contig.fa_viral_203__full-cat_2	2	False	False	6	1	0	False	0.0	4.0	0.0	1.0	1.0	0.0	0.0
RP-T1-3_contig.fa_viral_208__full-cat_1	1	False	False	4	2	0	False	0.0	3.0	0.0	1.0	0.0	0.0	0.0
RP-T1-3_contig.fa_viral_215__full-cat_1	1	False	False	2	0	0	False	0.0	1.0	0.0	0.0	0.0	1.0	0.0
RP-T1-3_contig.fa_viral_228__full-cat_1	1	False	False	8	0	0	False	0.0	8.0	0.0	0.0	0.0	0.0	0.0
RP-T1-3_contig.fa_viral_22__full-cat_2	2	False	False	4	0	0	False	0.0	3.0	0.0	1.0	0.0	0.0	0.0
RP-T1-3_contig.fa_viral_232__full-cat_2	2	False	False	4	0	0	False	0.0	4.0	0.0	0.0	0.0	0.0	0.0
RP-T1-3_contig.fa_viral_246__full-cat_2	2	False	False	3	0	0	False	0.0	3.0	0.0	0.0	0.0	0.0	0.0
RP-T1-3_contig.fa_viral_260__full-cat_2	2	False	False	5	1	0	False	0.0	4.0	0.0	1.0	0.0	0.0	0.0
RP-T1-3_contig.fa_viral_261__full-cat_1	1	False	False	5	0	0	False	0.0	5.0	0.0	0.0	0.0	0.0	0.0
RP-T1-3_contig.fa_viral_268__full-cat_1	1	False	False	69	3	0	False	0.0	63.0	0.0	0.0	5.0	1.0	0.0
RP-T1-3_contig.fa_viral_271__full-cat_2	2	False	False	5	0	0	False	0.0	5.0	0.0	0.0	0.0	0.0	0.0
RP-T1-3_contig.fa_viral_273__full-cat_2	2	False	False	2	0	0	True	0.0	0.0	0.0	2.0	0.0	0.0	0.0
RP-T1-3_contig.fa_viral_279__full-cat_1	1	False	False	5	0	0	False	0.0	3.0	0.0	0.0	0.0	2.0	0.0
RP-T1-3_contig.fa_viral_283__full-cat_2	2	False	False	2	1	0	False	0.0	2.0	0.0	0.0	0.0	0.0	0.0
RP-T1-3_contig.fa_viral_284__full-cat_2	2	False	False	4	0	0	False	0.0	4.0	0.0	0.0	0.0	0.0	0.0
RP-T1-3_contig.fa_viral_285__full-cat_2	2	False	False	2	0	0	False	0.5	1.0	1.0	0.0	0.0	0.0	0.0
RP-T1-3_contig.fa_viral_291__full-cat_2	2	False	False	6	3	0	False	0.0	6.0	0.0	0.0	0.0	0.0	0.0
RP-T1-3_contig.fa_viral_294__full-cat_2	2	False	False	2	0	0	False	0.0	2.0	0.0	0.0	0.0	0.0	0.0
RP-T1-3_contig.fa_viral_296__full-cat_2	2	False	False	7	0	0	False	0.0	6.0	0.0	0.0	1.0	0.0	0.0
RP-T1-3_contig.fa_viral_303__full-cat_2	2	False	False	5	1	0	False	0.0	5.0	0.0	0.0	0.0	0.0	0.0
RP-T1-3_contig.fa_viral_304__lt2gene-cat_1	1	False	False	2	0	0	False	0.0	2.0	0.0	0.0	0.0	0.0	0.0
RP-T1-3_contig.fa_viral_307__full-cat_2	2	False	False	6	1	0	False	0.16666666666666666	5.0	1.0	0.0	0.0	0.0	0.0
RP-T1-3_contig.fa_viral_30__full-cat_2	2	False	False	5	1	0	False	0.0	5.0	0.0	0.0	0.0	0.0	0.0
RP-T1-3_contig.fa_viral_311__full-cat_2	2	False	False	8	0	0	False	0.0	8.0	0.0	0.0	0.0	0.0	0.0
RP-T1-3_contig.fa_viral_315__full-cat_1	1	False	False	19	1	0	False	0.0	13.0	0.0	2.0	2.0	2.0	0.0
RP-T1-3_contig.fa_viral_316__full-cat_2	2	False	False	5	0	0	False	0.0	4.0	0.0	0.0	1.0	0.0	0.0
RP-T1-3_contig.fa_viral_318__full-cat_2	2	False	False	5	3	0	False	0.0	5.0	0.0	0.0	0.0	0.0	0.0
RP-T1-3_contig.fa_viral_322__full-cat_2	2	False	False	2	0	0	False	0.0	1.0	0.0	1.0	0.0	0.0	0.0
RP-T1-3_contig.fa_viral_323__full-cat_1	1	False	False	3	0	0	False	0.0	2.0	0.0	1.0	0.0	0.0	0.0
RP-T1-3_contig.fa_viral_329__full-cat_2	2	False	False	5	1	0	True	0.0	4.0	0.0	0.0	1.0	0.0	0.0
RP-T1-3_contig.fa_viral_337__full-cat_2	2	False	False	8	0	0	False	0.125	7.0	1.0	0.0	0.0	0.0	0.0
RP-T1-3_contig.fa_viral_338__full-cat_2	2	False	False	5	1	0	False	0.0	4.0	0.0	1.0	0.0	0.0	0.0
RP-T1-3_contig.fa_viral_339__full-cat_2	2	False	False	6	0	0	False	0.0	5.0	0.0	0.0	1.0	0.0	0.0
RP-T1-3_contig.fa_viral_340__full-cat_2	2	False	False	4	0	0	False	0.0	2.0	0.0	2.0	0.0	0.0	0.0
RP-T1-3_contig.fa_viral_341__full-cat_1	1	False	False	9	0	0	False	0.0	6.0	0.0	0.0	3.0	0.0	0.0
RP-T1-3_contig.fa_viral_343__full-cat_2	2	False	False	9	0	0	False	0.0	9.0	0.0	0.0	0.0	0.0	0.0
RP-T1-3_contig.fa_viral_346__full-cat_2	2	False	False	5	0	0	True	0.0	4.0	0.0	1.0	0.0	0.0	0.0
RP-T1-3_contig.fa_viral_34__full-cat_2	2	False	False	6	0	0	True	0.0	6.0	0.0	0.0	0.0	0.0	0.0
RP-T1-3_contig.fa_viral_353__full-cat_1	1	False	False	4	0	0	False	0.0	4.0	0.0	0.0	0.0	0.0	0.0
RP-T1-3_contig.fa_viral_355__full-cat_1	1	False	False	4	0	0	False	0.0	1.0	0.0	0.0	1.0	2.0	0.0
RP-T1-3_contig.fa_viral_358__full-cat_1	1	False	False	3	0	0	False	0.0	3.0	0.0	0.0	0.0	0.0	0.0
RP-T1-3_contig.fa_viral_359__full-cat_1	1	False	False	2	0	0	False	0.0	0.0	0.0	1.0	1.0	0.0	0.0
RP-T1-3_contig.fa_viral_360__full-cat_2	2	False	False	5	0	0	False	0.0	5.0	0.0	0.0	0.0	0.0	0.0
RP-T1-3_contig.fa_viral_362__lt2gene-cat_1	1	False	False	2	0	0	False	0.0	2.0	0.0	0.0	0.0	0.0	0.0
RP-T1-3_contig.fa_viral_363__full-cat_2	2	False	False	15	0	0	False	0.0	15.0	0.0	0.0	0.0	0.0	0.0
RP-T1-3_contig.fa_viral_372__full-cat_1	1	False	False	6	0	0	False	0.0	5.0	0.0	0.0	0.0	1.0	0.0
RP-T1-3_contig.fa_viral_373__full-cat_2	2	False	False	10	0	0	False	0.0	9.0	0.0	0.0	1.0	0.0	0.0
RP-T1-3_contig.fa_viral_374__full-cat_1	1	False	False	10	0	0	False	0.0	7.0	0.0	0.0	2.0	1.0	0.0
RP-T1-3_contig.fa_viral_379__full-cat_1	1	False	False	5	0	0	False	0.0	3.0	0.0	0.0	2.0	0.0	0.0
RP-T1-3_contig.fa_viral_389__full-cat_2	2	False	False	3	1	0	False	0.3333333333333333	1.0	1.0	1.0	0.0	0.0	0.0
RP-T1-3_contig.fa_viral_398__full-cat_2	2	False	False	6	2	0	False	0.0	6.0	0.0	0.0	0.0	0.0	0.0
RP-T1-3_contig.fa_viral_402__full-cat_2	2	False	False	8	1	0	True	0.0	7.0	0.0	1.0	0.0	0.0	0.0
RP-T1-3_contig.fa_viral_404__full-cat_2	2	False	False	13	0	0	False	0.0	12.0	0.0	0.0	0.0	1.0	0.0
RP-T1-3_contig.fa_viral_414__full-cat_2	2	False	False	3	1	0	False	0.0	3.0	0.0	0.0	0.0	0.0	0.0
RP-T1-3_contig.fa_viral_419__full-cat_1	1	False	False	9	0	0	False	0.0	9.0	0.0	0.0	0.0	0.0	0.0
RP-T1-3_contig.fa_viral_41__full-cat_2	2	False	False	8	1	0	False	0.0	7.0	0.0	0.0	1.0	0.0	0.0
RP-T1-3_contig.fa_viral_422__full-cat_2	2	False	False	4	1	0	False	0.0	3.0	1.0	0.0	0.0	0.0	0.0
RP-T1-3_contig.fa_viral_425__full-cat_2	2	False	False	8	1	0	False	0.0	8.0	0.0	0.0	0.0	0.0	0.0
RP-T1-3_contig.fa_viral_426__full-cat_2	2	False	False	6	0	0	False	0.0	6.0	0.0	0.0	0.0	0.0	0.0
RP-T1-3_contig.fa_viral_427__lt2gene-cat_1	1	False	False	2	0	0	False	0.0	2.0	0.0	0.0	0.0	0.0	0.0
RP-T1-3_contig.fa_viral_429__full-cat_1	1	False	False	4	0	0	False	0.0	3.0	0.0	0.0	0.0	1.0	0.0
RP-T1-3_contig.fa_viral_438__full-cat_1	1	False	False	9	2	0	False	0.1111111111111111	7.0	1.0	0.0	0.0	1.0	0.0
RP-T1-3_contig.fa_viral_443__full-cat_2	2	False	False	4	0	0	False	0.25	3.0	1.0	0.0	0.0	0.0	0.0
RP-T1-3_contig.fa_viral_446__full-cat_2	2	False	False	6	1	0	False	0.0	6.0	0.0	0.0	0.0	0.0	0.0
RP-T1-3_contig.fa_viral_449__full-cat_1	1	False	False	8	0	0	False	0.0	6.0	0.0	2.0	0.0	0.0	0.0
RP-T1-3_contig.fa_viral_44__full-cat_2	2	False	False	5	0	0	True	0.0	3.0	0.0	1.0	1.0	0.0	0.0
RP-T1-3_contig.fa_viral_450__full-cat_2	2	False	False	12	1	0	False	0.0	11.0	0.0	0.0	1.0	0.0	0.0
RP-T1-3_contig.fa_viral_455__full-cat_2	2	False	False	11	1	0	False	0.0	9.0	0.0	2.0	0.0	0.0	0.0
RP-T1-3_contig.fa_viral_457__full-cat_1	1	False	False	4	0	0	False	0.0	2.0	0.0	0.0	0.0	2.0	0.0
RP-T1-3_contig.fa_viral_458__full-cat_2	2	False	False	2	0	0	False	0.0	2.0	0.0	0.0	0.0	0.0	0.0
RP-T1-3_contig.fa_viral_45__full-cat_1	1	False	False	6	0	0	False	0.0	3.0	0.0	0.0	0.0	3.0	0.0
RP-T1-3_contig.fa_viral_462__full-cat_2	2	False	False	2	0	0	False	0.0	1.0	0.0	1.0	0.0	0.0	0.0
RP-T1-3_contig.fa_viral_468__full-cat_1	1	False	False	3	0	0	False	0.0	3.0	0.0	0.0	0.0	0.0	0.0
RP-T1-3_contig.fa_viral_469__full-cat_1	1	False	False	2	1	0	False	0.0	2.0	0.0	0.0	0.0	0.0	0.0
RP-T1-3_contig.fa_viral_476__full-cat_2	2	False	False	3	1	0	True	0.0	2.0	0.0	1.0	0.0	0.0	0.0
RP-T1-3_contig.fa_viral_481__full-cat_2	2	False	False	12	1	0	False	0.0	10.0	0.0	0.0	2.0	0.0	0.0
RP-T1-3_contig.fa_viral_489__full-cat_2	2	False	False	2	0	0	False	0.0	1.0	0.0	0.0	1.0	0.0	0.0
RP-T1-3_contig.fa_viral_48__lt2gene-cat_1	1	False	False	2	0	0	False	0.0	1.0	0.0	0.0	1.0	0.0	0.0
RP-T1-3_contig.fa_viral_502__full-cat_2	2	False	False	11	0	0	False	0.0	9.0	0.0	0.0	2.0	0.0	0.0
RP-T1-3_contig.fa_viral_503__full-cat_2	2	False	False	10	0	0	False	0.0	10.0	0.0	0.0	0.0	0.0	0.0
RP-T1-3_contig.fa_viral_506__full-cat_1	1	False	False	3	0	0	False	0.0	3.0	0.0	0.0	0.0	0.0	0.0
RP-T1-3_contig.fa_viral_507__full-cat_2	2	False	False	8	0	0	False	0.125	7.0	1.0	0.0	0.0	0.0	0.0
RP-T1-3_contig.fa_viral_50__full-cat_1	1	False	False	3	0	0	False	0.0	2.0	0.0	0.0	0.0	1.0	0.0
RP-T1-3_contig.fa_viral_513__full-cat_2	2	False	False	5	0	0	False	0.0	5.0	0.0	0.0	0.0	0.0	0.0
RP-T1-3_contig.fa_viral_518__full-cat_2	2	False	False	10	1	0	False	0.1	9.0	1.0	0.0	0.0	0.0	0.0
RP-T1-3_contig.fa_viral_520__full-cat_2	2	False	False	3	0	0	False	0.0	3.0	0.0	0.0	0.0	0.0	0.0
RP-T1-3_contig.fa_viral_524__full-cat_2	2	False	False	7	0	0	False	0.0	7.0	0.0	0.0	0.0	0.0	0.0
RP-T1-3_contig.fa_viral_525__full-cat_2	2	False	False	7	0	0	False	0.14285714285714285	6.0	1.0	0.0	0.0	0.0	0.0
RP-T1-3_contig.fa_viral_532__full-cat_1	1	False	False	2	0	0	False	0.5	1.0	1.0	0.0	0.0	0.0	0.0
RP-T1-3_contig.fa_viral_538__full-cat_2	2	False	False	5	0	0	False	0.0	5.0	0.0	0.0	0.0	0.0	0.0
RP-T1-3_contig.fa_viral_540__full-cat_2	2	False	False	6	0	0	False	0.0	5.0	0.0	0.0	1.0	0.0	0.0
RP-T1-3_contig.fa_viral_554__full-cat_2	2	False	False	5	0	0	False	0.0	2.0	0.0	1.0	2.0	0.0	0.0
RP-T1-3_contig.fa_viral_561__full-cat_1	1	False	False	2	0	0	False	0.0	0.0	0.0	0.0	1.0	1.0	0.0
RP-T1-3_contig.fa_viral_566__full-cat_2	2	False	False	2	0	0	False	0.0	2.0	0.0	0.0	0.0	0.0	0.0
RP-T1-3_contig.fa_viral_568__lt2gene-cat_1	1	False	False	2	0	0	False	0.0	2.0	0.0	0.0	0.0	0.0	0.0
RP-T1-3_contig.fa_viral_569__full-cat_1	1	False	False	4	0	0	False	0.0	3.0	0.0	0.0	0.0	1.0	0.0
RP-T1-3_contig.fa_viral_570__full-cat_2	2	False	False	7	0	0	False	0.0	5.0	1.0	1.0	0.0	0.0	0.0
RP-T1-3_contig.fa_viral_576__full-cat_2	2	False	False	4	1	0	False	0.0	4.0	0.0	0.0	0.0	0.0	0.0
RP-T1-3_contig.fa_viral_580__full-cat_2	2	False	False	3	1	0	False	0.0	2.0	0.0	1.0	0.0	0.0	0.0
RP-T1-3_contig.fa_viral_581__full-cat_2	2	False	False	5	0	0	False	0.0	5.0	0.0	0.0	0.0	0.0	0.0
RP-T1-3_contig.fa_viral_585__full-cat_2	2	False	False	4	1	0	False	0.0	3.0	0.0	1.0	0.0	0.0	0.0
RP-T1-3_contig.fa_viral_587__full-cat_2	2	False	False	4	0	0	False	0.0	4.0	0.0	0.0	0.0	0.0	0.0
RP-T1-3_contig.fa_viral_588__full-cat_1	1	False	False	4	0	0	False	0.0	3.0	0.0	0.0	1.0	0.0	0.0
RP-T1-3_contig.fa_viral_591__full-cat_2	2	False	False	3	1	0	False	0.0	3.0	0.0	0.0	0.0	0.0	0.0
RP-T1-3_contig.fa_viral_593__full-cat_1	1	False	False	6	0	0	False	0.0	6.0	0.0	0.0	0.0	0.0	0.0
RP-T1-3_contig.fa_viral_594__full-cat_1	1	False	False	6	0	0	False	0.0	5.0	0.0	0.0	0.0	1.0	0.0
RP-T1-3_contig.fa_viral_5__full-cat_1	1	False	False	11	0	0	False	0.0	8.0	0.0	0.0	1.0	2.0	0.0
RP-T1-3_contig.fa_viral_600__full-cat_1	1	False	False	15	2	0	False	0.0	8.0	0.0	0.0	4.0	3.0	0.0
RP-T1-3_contig.fa_viral_604__full-cat_2	2	False	False	12	1	0	False	0.0	12.0	0.0	0.0	0.0	0.0	0.0
RP-T1-3_contig.fa_viral_607__full-cat_2	2	False	False	4	0	0	False	0.25	3.0	1.0	0.0	0.0	0.0	0.0
RP-T1-3_contig.fa_viral_614__full-cat_1	1	False	False	8	0	0	False	0.0	7.0	0.0	0.0	1.0	0.0	0.0
RP-T1-3_contig.fa_viral_616__full-cat_2	2	False	False	3	0	0	False	0.0	3.0	0.0	0.0	0.0	0.0	0.0
RP-T1-3_contig.fa_viral_622__full-cat_2	2	False	False	5	1	0	False	0.0	5.0	0.0	0.0	0.0	0.0	0.0
RP-T1-3_contig.fa_viral_626__full-cat_1	1	False	False	10	4	0	False	0.0	9.0	0.0	0.0	1.0	0.0	0.0
RP-T1-3_contig.fa_viral_629__full-cat_2	2	False	False	5	2	0	False	0.0	5.0	0.0	0.0	0.0	0.0	0.0
RP-T1-3_contig.fa_viral_637__lt2gene-cat_1	1	False	False	2	0	0	False	0.0	2.0	0.0	0.0	0.0	0.0	0.0
RP-T1-3_contig.fa_viral_638__full-cat_2	2	False	False	27	3	0	True	0.0	24.0	0.0	1.0	1.0	1.0	0.0
RP-T1-3_contig.fa_viral_640__full-cat_2	2	False	False	3	2	0	False	0.0	2.0	0.0	1.0	0.0	0.0	0.0
RP-T1-3_contig.fa_viral_641__full-cat_2	2	False	False	2	0	0	False	0.0	1.0	0.0	0.0	1.0	0.0	0.0
RP-T1-3_contig.fa_viral_644__full-cat_1	1	False	False	15	1	0	False	0.0	15.0	0.0	0.0	0.0	0.0	0.0
RP-T1-3_contig.fa_viral_646__full-cat_1	1	False	False	3	0	0	False	0.0	2.0	0.0	0.0	0.0	1.0	0.0
RP-T1-3_contig.fa_viral_654__full-cat_2	2	False	False	6	0	0	False	0.0	6.0	0.0	0.0	0.0	0.0	0.0
RP-T1-3_contig.fa_viral_656__full-cat_1	1	False	False	22	1	0	False	0.045454545454545456	18.0	1.0	0.0	1.0	2.0	0.0
RP-T1-3_contig.fa_viral_659__full-cat_2	2	False	False	34	1	1	False	0.029411764705882353	25.0	2.0	1.0	6.0	0.0	0.0
RP-T1-3_contig.fa_viral_665__full-cat_1	1	False	False	5	0	0	False	0.0	5.0	0.0	0.0	0.0	0.0	0.0
RP-T1-3_contig.fa_viral_670__full-cat_2	2	False	False	5	0	0	False	0.2	3.0	1.0	1.0	0.0	0.0	0.0
RP-T1-3_contig.fa_viral_682__full-cat_2	2	False	False	10	0	0	False	0.0	10.0	0.0	0.0	0.0	0.0	0.0
RP-T1-3_contig.fa_viral_684__full-cat_2	2	False	False	7	0	0	False	0.14285714285714285	6.0	1.0	0.0	0.0	0.0	0.0
RP-T1-3_contig.fa_viral_686__full-cat_2	2	False	False	10	0	0	False	0.0	10.0	0.0	0.0	0.0	0.0	0.0
RP-T1-3_contig.fa_viral_6__full-cat_2	2	False	False	3	0	0	False	0.0	2.0	0.0	1.0	0.0	0.0	0.0
RP-T1-3_contig.fa_viral_701__full-cat_2	2	False	False	9	0	0	False	0.0	9.0	0.0	0.0	0.0	0.0	0.0
RP-T1-3_contig.fa_viral_703__lt2gene-cat_1	1	False	False	2	0	0	False	0.0	2.0	0.0	0.0	0.0	0.0	0.0
RP-T1-3_contig.fa_viral_705__full-cat_2	2	False	False	3	0	0	False	0.0	2.0	0.0	1.0	0.0	0.0	0.0
RP-T1-3_contig.fa_viral_708__full-cat_1	1	False	False	4	0	0	False	0.0	3.0	0.0	0.0	0.0	1.0	0.0
RP-T1-3_contig.fa_viral_712__full-cat_1	1	False	False	6	0	0	False	0.0	6.0	0.0	0.0	0.0	0.0	0.0
RP-T1-3_contig.fa_viral_713__full-cat_1	1	False	False	7	0	0	False	0.0	7.0	0.0	0.0	0.0	0.0	0.0
RP-T1-3_contig.fa_viral_719__full-cat_2	2	False	False	2	0	0	False	0.0	2.0	0.0	0.0	0.0	0.0	0.0
RP-T1-3_contig.fa_viral_724__full-cat_1	1	False	False	11	0	0	False	0.0	9.0	0.0	0.0	1.0	1.0	0.0
RP-T1-3_contig.fa_viral_728__full-cat_1	1	False	False	10	0	0	False	0.0	9.0	0.0	0.0	0.0	1.0	0.0
RP-T1-3_contig.fa_viral_738__full-cat_2	2	False	False	9	0	0	False	0.0	7.0	0.0	1.0	1.0	0.0	0.0
RP-T1-3_contig.fa_viral_741__full-cat_2	2	False	False	7	0	0	False	0.0	4.0	0.0	0.0	3.0	0.0	0.0
RP-T1-3_contig.fa_viral_743__full-cat_2	2	False	False	2	1	0	False	0.5	1.0	1.0	0.0	0.0	0.0	0.0
RP-T1-3_contig.fa_viral_747__full-cat_2	2	False	False	5	2	0	False	0.0	4.0	0.0	1.0	0.0	0.0	0.0
RP-T1-3_contig.fa_viral_755__full-cat_2	2	False	False	9	0	0	False	0.0	9.0	0.0	0.0	0.0	0.0	0.0
RP-T1-3_contig.fa_viral_757__full-cat_1	1	False	False	4	0	0	False	0.0	4.0	0.0	0.0	0.0	0.0	0.0
RP-T1-3_contig.fa_viral_766__full-cat_2	2	False	False	5	1	0	False	0.0	4.0	0.0	1.0	0.0	0.0	0.0
RP-T1-3_contig.fa_viral_767__full-cat_2	2	False	False	8	0	0	False	0.0	7.0	0.0	0.0	1.0	0.0	0.0
RP-T1-3_contig.fa_viral_769__full-cat_2	2	False	False	16	0	0	False	0.0	14.0	0.0	0.0	2.0	0.0	0.0
RP-T1-3_contig.fa_viral_770__full-cat_2	2	False	False	3	0	0	False	0.0	3.0	0.0	0.0	0.0	0.0	0.0
RP-T1-3_contig.fa_viral_779__full-cat_2	2	False	False	4	1	1	False	0.0	2.0	1.0	1.0	0.0	0.0	0.0
RP-T1-3_contig.fa_viral_77__full-cat_2	2	False	False	10	0	0	False	0.0	9.0	0.0	0.0	1.0	0.0	0.0
RP-T1-3_contig.fa_viral_786__full-cat_2	2	False	False	11	0	0	False	0.0	11.0	0.0	0.0	0.0	0.0	0.0
RP-T1-3_contig.fa_viral_788__full-cat_2	2	False	False	3	0	0	False	0.0	2.0	0.0	1.0	0.0	0.0	0.0
RP-T1-3_contig.fa_viral_78__full-cat_2	2	False	False	4	0	0	False	0.0	4.0	0.0	0.0	0.0	0.0	0.0
RP-T1-3_contig.fa_viral_791__full-cat_1	1	False	False	17	0	0	False	0.0	17.0	0.0	0.0	0.0	0.0	0.0
RP-T1-3_contig.fa_viral_797__full-cat_2	2	False	False	4	1	0	False	0.0	3.0	0.0	1.0	0.0	0.0	0.0
RP-T1-3_contig.fa_viral_801__full-cat_2	2	False	False	5	2	0	False	0.0	5.0	0.0	0.0	0.0	0.0	0.0
RP-T1-3_contig.fa_viral_803__full-cat_2	2	False	False	9	1	0	True	0.0	8.0	0.0	1.0	0.0	0.0	0.0
RP-T1-3_contig.fa_viral_811__full-cat_2	2	False	False	6	0	0	False	0.0	4.0	0.0	0.0	2.0	0.0	0.0
RP-T1-3_contig.fa_viral_815__full-cat_1	1	False	False	4	0	0	False	0.0	4.0	0.0	0.0	0.0	0.0	0.0
RP-T1-3_contig.fa_viral_821__full-cat_1	1	False	False	6	0	0	False	0.0	5.0	0.0	0.0	0.0	1.0	0.0
RP-T1-3_contig.fa_viral_822__full-cat_1	1	False	False	11	0	0	False	0.0	10.0	0.0	0.0	1.0	0.0	0.0
RP-T1-3_contig.fa_viral_824__full-cat_2	2	False	False	5	0	0	False	0.0	2.0	0.0	0.0	3.0	0.0	0.0
RP-T1-3_contig.fa_viral_825__full-cat_2	2	False	False	2	0	0	False	0.0	2.0	0.0	0.0	0.0	0.0	0.0
RP-T1-3_contig.fa_viral_826__full-cat_2	2	False	False	7	0	0	False	0.0	7.0	0.0	0.0	0.0	0.0	0.0
RP-T1-3_contig.fa_viral_834__lt2gene-cat_1	1	False	False	2	0	0	False	0.0	2.0	0.0	0.0	0.0	0.0	0.0
RP-T1-3_contig.fa_viral_836__full-cat_2	2	False	False	4	1	0	False	0.0	2.0	0.0	1.0	1.0	0.0	0.0
RP-T1-3_contig.fa_viral_838__full-cat_1	1	False	False	13	1	2	False	0.07692307692307693	12.0	1.0	0.0	0.0	0.0	0.0
RP-T1-3_contig.fa_viral_839__full-cat_2	2	False	False	4	1	0	False	0.0	3.0	0.0	1.0	0.0	0.0	0.0
RP-T1-3_contig.fa_viral_83__lt2gene-cat_1	1	False	False	1	0	0	False	0.0	0.0	0.0	0.0	1.0	0.0	0.0
RP-T1-3_contig.fa_viral_842__full-cat_2	2	False	False	7	0	0	False	0.0	7.0	0.0	0.0	0.0	0.0	0.0
RP-T1-3_contig.fa_viral_844__full-cat_2	2	False	False	4	0	0	False	0.0	4.0	0.0	0.0	0.0	0.0	0.0
RP-T1-3_contig.fa_viral_845__full-cat_1	1	False	False	10	0	0	False	0.0	8.0	0.0	0.0	2.0	0.0	0.0
RP-T1-3_contig.fa_viral_849__full-cat_2	2	False	False	5	0	0	False	0.0	4.0	0.0	0.0	1.0	0.0	0.0
RP-T1-3_contig.fa_viral_84__full-cat_2	2	False	False	5	0	0	False	0.0	4.0	0.0	0.0	1.0	0.0	0.0
RP-T1-3_contig.fa_viral_863__full-cat_2	2	False	False	15	6	0	True	0.0	14.0	0.0	1.0	0.0	0.0	0.0
RP-T1-3_contig.fa_viral_866__full-cat_2	2	False	False	3	1	0	False	0.0	3.0	0.0	0.0	0.0	0.0	0.0
RP-T1-3_contig.fa_viral_867__full-cat_2	2	False	False	6	0	0	False	0.0	6.0	0.0	0.0	0.0	0.0	0.0
RP-T1-3_contig.fa_viral_86__full-cat_2	2	False	False	6	0	0	False	0.0	6.0	0.0	0.0	0.0	0.0	0.0
RP-T1-3_contig.fa_viral_880__full-cat_2	2	False	False	3	0	0	False	0.0	3.0	0.0	0.0	0.0	0.0	0.0
RP-T1-3_contig.fa_viral_8__full-cat_1	1	False	False	16	2	0	False	0.0	14.0	0.0	0.0	1.0	1.0	0.0
RP-T1-3_contig.fa_viral_92__full-cat_2	2	False	False	4	1	0	False	0.0	4.0	0.0	0.0	0.0	0.0	0.0
RP-T1-6_contig.fa_provirus_12__full-cat_1	1	False	False	5	0	0	False	0.0	4.0	0.0	0.0	1.0	0.0	0.0
RP-T1-6_contig.fa_provirus_14__full-cat_1	1	False	False	4	0	0	False	0.0	3.0	0.0	0.0	0.0	1.0	0.0
RP-T1-6_contig.fa_provirus_19__full-cat_1	1	False	False	5	0	0	False	0.0	5.0	0.0	0.0	0.0	0.0	0.0
RP-T1-6_contig.fa_provirus_20__full-cat_1	1	False	False	6	0	0	False	0.0	6.0	0.0	0.0	0.0	0.0	0.0
RP-T1-6_contig.fa_viral_105__full-cat_2	2	False	False	4	0	0	False	0.0	4.0	0.0	0.0	0.0	0.0	0.0
RP-T1-6_contig.fa_viral_109__full-cat_2	2	False	False	5	2	0	False	0.0	4.0	0.0	1.0	0.0	0.0	0.0
RP-T1-6_contig.fa_viral_116__full-cat_2	2	False	False	2	0	0	False	0.0	1.0	0.0	0.0	1.0	0.0	0.0
RP-T1-6_contig.fa_viral_118__full-cat_2	2	False	False	15	0	0	False	0.0	15.0	0.0	0.0	0.0	0.0	0.0
RP-T1-6_contig.fa_viral_121__full-cat_1	1	False	False	4	0	0	False	0.0	4.0	0.0	0.0	0.0	0.0	0.0
RP-T1-6_contig.fa_viral_127__full-cat_1	1	False	False	3	2	0	False	0.0	2.0	0.0	0.0	1.0	0.0	0.0
RP-T1-6_contig.fa_viral_128__full-cat_1	1	False	False	8	0	0	False	0.0	6.0	0.0	0.0	2.0	0.0	0.0
RP-T1-6_contig.fa_viral_134__full-cat_1	1	False	False	12	0	0	False	0.0	11.0	0.0	0.0	1.0	0.0	0.0
RP-T1-6_contig.fa_viral_136__full-cat_2	2	False	False	7	3	0	False	0.0	6.0	0.0	1.0	0.0	0.0	0.0
RP-T1-6_contig.fa_viral_139__full-cat_1	1	False	False	5	3	0	False	0.0	5.0	0.0	0.0	0.0	0.0	0.0
RP-T1-6_contig.fa_viral_140__full-cat_2	2	False	False	6	0	0	False	0.0	6.0	0.0	0.0	0.0	0.0	0.0
RP-T1-6_contig.fa_viral_141__full-cat_2	2	False	False	5	0	0	False	0.0	5.0	0.0	0.0	0.0	0.0	0.0
RP-T1-6_contig.fa_viral_142__full-cat_1	1	False	False	7	0	0	False	0.0	4.0	0.0	0.0	2.0	1.0	0.0
RP-T1-6_contig.fa_viral_145__full-cat_2	2	False	False	2	1	0	True	0.0	0.0	0.0	1.0	1.0	0.0	0.0
RP-T1-6_contig.fa_viral_147__full-cat_2	2	False	False	6	0	0	False	0.0	6.0	0.0	0.0	0.0	0.0	0.0
RP-T1-6_contig.fa_viral_148__full-cat_1	1	False	False	3	0	0	False	0.0	1.0	0.0	0.0	2.0	0.0	0.0
RP-T1-6_contig.fa_viral_149__full-cat_2	2	False	False	4	1	0	False	0.0	3.0	0.0	0.0	1.0	0.0	0.0
RP-T1-6_contig.fa_viral_14__lt2gene-cat_1	1	False	False	1	0	0	False	0.0	1.0	0.0	0.0	0.0	0.0	0.0
RP-T1-6_contig.fa_viral_150__full-cat_1	1	False	False	7	0	0	True	0.0	6.0	0.0	1.0	0.0	0.0	0.0
RP-T1-6_contig.fa_viral_152__full-cat_2	2	False	False	3	0	0	False	0.0	2.0	0.0	0.0	1.0	0.0	0.0
RP-T1-6_contig.fa_viral_154__full-cat_2	2	False	False	3	0	0	False	0.0	3.0	0.0	0.0	0.0	0.0	0.0
RP-T1-6_contig.fa_viral_155__full-cat_2	2	False	False	5	1	0	False	0.0	4.0	0.0	1.0	0.0	0.0	0.0
RP-T1-6_contig.fa_viral_156__full-cat_2	2	False	False	15	1	0	False	0.0	12.0	0.0	1.0	2.0	0.0	0.0
RP-T1-6_contig.fa_viral_157__full-cat_2	2	False	False	4	1	0	True	0.0	2.0	0.0	1.0	1.0	0.0	0.0
RP-T1-6_contig.fa_viral_158__full-cat_1	1	False	False	4	0	0	False	0.0	3.0	0.0	0.0	0.0	1.0	0.0
RP-T1-6_contig.fa_viral_159__full-cat_2	2	False	False	4	0	0	False	0.0	3.0	0.0	0.0	0.0	1.0	0.0
RP-T1-6_contig.fa_viral_15__full-cat_1	1	False	False	3	0	0	False	0.0	2.0	0.0	0.0	1.0	0.0	0.0
RP-T1-6_contig.fa_viral_161__full-cat_2	2	False	False	3	0	0	False	0.0	1.0	1.0	0.0	1.0	0.0	0.0
RP-T1-6_contig.fa_viral_162__full-cat_1	1	False	False	7	1	0	False	0.0	6.0	0.0	0.0	0.0	1.0	0.0
RP-T1-6_contig.fa_viral_163__full-cat_2	2	False	False	7	1	0	False	0.14285714285714285	6.0	1.0	0.0	0.0	0.0	0.0
RP-T1-6_contig.fa_viral_165__full-cat_1	1	False	False	8	0	0	False	0.0	8.0	0.0	0.0	0.0	0.0	0.0
RP-T1-6_contig.fa_viral_16__full-cat_1	1	False	False	3	1	0	False	0.3333333333333333	2.0	1.0	0.0	0.0	0.0	0.0
RP-T1-6_contig.fa_viral_175__full-cat_1	1	False	False	5	1	0	False	0.0	5.0	0.0	0.0	0.0	0.0	0.0
RP-T1-6_contig.fa_viral_178__full-cat_1	1	False	False	4	0	0	False	0.5	2.0	2.0	0.0	0.0	0.0	0.0
RP-T1-6_contig.fa_viral_179__full-cat_1	1	False	False	5	0	0	False	0.0	4.0	0.0	0.0	0.0	1.0	0.0
RP-T1-6_contig.fa_viral_17__full-cat_1	1	False	False	3	0	0	False	0.0	2.0	0.0	0.0	1.0	0.0	0.0
RP-T1-6_contig.fa_viral_185__full-cat_2	2	False	False	21	1	0	False	0.0	17.0	0.0	1.0	3.0	0.0	0.0
RP-T1-6_contig.fa_viral_187__full-cat_2	2	False	False	2	0	0	False	0.0	2.0	0.0	0.0	0.0	0.0	0.0
RP-T1-6_contig.fa_viral_188__full-cat_2	2	False	False	4	0	0	False	0.0	4.0	0.0	0.0	0.0	0.0	0.0
RP-T1-6_contig.fa_viral_193__full-cat_2	2	False	False	3	0	0	False	0.3333333333333333	2.0	1.0	0.0	0.0	0.0	0.0
RP-T1-6_contig.fa_viral_1__full-cat_2	2	False	False	4	2	0	False	0.0	3.0	0.0	0.0	1.0	0.0	0.0
RP-T1-6_contig.fa_viral_205__full-cat_2	2	False	False	18	0	0	False	0.0	17.0	0.0	0.0	1.0	0.0	0.0
RP-T1-6_contig.fa_viral_217__full-cat_2	2	False	False	8	1	0	False	0.0	8.0	0.0	0.0	0.0	0.0	0.0
RP-T1-6_contig.fa_viral_229__full-cat_1	1	False	False	3	0	0	False	0.0	2.0	0.0	0.0	0.0	1.0	0.0
RP-T1-6_contig.fa_viral_230__full-cat_2	2	False	False	3	0	0	False	0.0	3.0	0.0	0.0	0.0	0.0	0.0
RP-T1-6_contig.fa_viral_232__full-cat_2	2	False	False	3	1	0	False	0.0	2.0	0.0	1.0	0.0	0.0	0.0
RP-T1-6_contig.fa_viral_233__full-cat_2	2	False	False	3	0	0	False	0.0	3.0	0.0	0.0	0.0	0.0	0.0
RP-T1-6_contig.fa_viral_236__full-cat_2	2	False	False	5	0	0	False	0.0	5.0	0.0	0.0	0.0	0.0	0.0
RP-T1-6_contig.fa_viral_239__full-cat_1	1	False	False	4	0	0	False	0.0	4.0	0.0	0.0	0.0	0.0	0.0
RP-T1-6_contig.fa_viral_245__full-cat_2	2	False	False	6	2	0	False	0.0	6.0	0.0	0.0	0.0	0.0	0.0
RP-T1-6_contig.fa_viral_246__lt2gene-cat_1	1	False	False	2	0	0	False	0.0	1.0	0.0	0.0	1.0	0.0	0.0
RP-T1-6_contig.fa_viral_252__full-cat_2	2	False	False	5	1	0	False	0.0	5.0	0.0	0.0	0.0	0.0	0.0
RP-T1-6_contig.fa_viral_254__full-cat_1	1	False	False	5	0	0	False	0.0	5.0	0.0	0.0	0.0	0.0	0.0
RP-T1-6_contig.fa_viral_257__full-cat_2	2	False	False	3	0	0	False	0.0	3.0	0.0	0.0	0.0	0.0	0.0
RP-T1-6_contig.fa_viral_259__full-cat_2	2	False	False	3	0	0	False	0.0	3.0	0.0	0.0	0.0	0.0	0.0
RP-T1-6_contig.fa_viral_262__full-cat_2	2	False	False	5	0	0	False	0.0	5.0	0.0	0.0	0.0	0.0	0.0
RP-T1-6_contig.fa_viral_265__full-cat_1	1	False	False	3	0	0	False	0.0	2.0	0.0	0.0	1.0	0.0	0.0
RP-T1-6_contig.fa_viral_267__full-cat_2	2	False	False	3	0	0	False	0.0	3.0	0.0	0.0	0.0	0.0	0.0
RP-T1-6_contig.fa_viral_268__full-cat_2	2	False	False	6	1	0	False	0.0	6.0	0.0	0.0	0.0	0.0	0.0
RP-T1-6_contig.fa_viral_270__full-cat_1	1	False	False	7	0	0	False	0.0	5.0	0.0	0.0	1.0	1.0	0.0
RP-T1-6_contig.fa_viral_271__full-cat_2	2	False	False	5	0	0	False	0.0	5.0	0.0	0.0	0.0	0.0	0.0
RP-T1-6_contig.fa_viral_278__full-cat_2	2	False	False	6	0	0	False	0.0	6.0	0.0	0.0	0.0	0.0	0.0
RP-T1-6_contig.fa_viral_280__full-cat_2	2	False	False	4	1	0	False	0.0	3.0	0.0	1.0	0.0	0.0	0.0
RP-T1-6_contig.fa_viral_283__full-cat_1	1	False	False	4	0	0	False	0.0	2.0	0.0	0.0	2.0	0.0	0.0
RP-T1-6_contig.fa_viral_288__full-cat_2	2	False	False	4	0	0	False	0.0	3.0	0.0	1.0	0.0	0.0	0.0
RP-T1-6_contig.fa_viral_290__full-cat_2	2	False	False	5	3	0	False	0.0	5.0	0.0	0.0	0.0	0.0	0.0
RP-T1-6_contig.fa_viral_291__full-cat_2	2	False	False	2	0	0	False	0.0	1.0	0.0	1.0	0.0	0.0	0.0
RP-T1-6_contig.fa_viral_292__full-cat_1	1	False	False	6	0	0	False	0.0	5.0	0.0	1.0	0.0	0.0	0.0
RP-T1-6_contig.fa_viral_297__full-cat_1	1	False	False	4	0	0	False	0.0	3.0	0.0	0.0	1.0	0.0	0.0
RP-T1-6_contig.fa_viral_298__full-cat_1	1	False	False	4	0	0	False	0.0	1.0	0.0	0.0	1.0	2.0	0.0
RP-T1-6_contig.fa_viral_299__full-cat_2	2	False	False	10	1	0	False	0.0	10.0	0.0	0.0	0.0	0.0	0.0
RP-T1-6_contig.fa_viral_303__full-cat_2	2	False	False	4	0	0	False	0.0	3.0	0.0	0.0	1.0	0.0	0.0
RP-T1-6_contig.fa_viral_310__lt2gene-cat_1	1	False	False	2	0	0	False	0.0	2.0	0.0	0.0	0.0	0.0	0.0
RP-T1-6_contig.fa_viral_313__full-cat_2	2	False	False	4	0	0	False	0.25	3.0	1.0	0.0	0.0	0.0	0.0
RP-T1-6_contig.fa_viral_316__full-cat_2	2	False	False	9	0	0	False	0.0	9.0	0.0	0.0	0.0	0.0	0.0
RP-T1-6_contig.fa_viral_319__full-cat_1	1	False	False	5	0	0	False	0.0	4.0	0.0	0.0	1.0	0.0	0.0
RP-T1-6_contig.fa_viral_320__full-cat_2	2	False	False	11	0	0	False	0.0	9.0	0.0	0.0	2.0	0.0	0.0
RP-T1-6_contig.fa_viral_322__full-cat_1	1	False	False	3	0	0	False	0.0	1.0	1.0	1.0	0.0	0.0	0.0
RP-T1-6_contig.fa_viral_324__full-cat_1	1	False	False	5	0	0	False	0.0	2.0	0.0	0.0	1.0	2.0	0.0
RP-T1-6_contig.fa_viral_32__full-cat_1	1	False	False	4	1	0	False	0.0	3.0	0.0	0.0	1.0	0.0	0.0
RP-T1-6_contig.fa_viral_331__full-cat_2	2	False	False	3	1	0	False	0.0	3.0	0.0	0.0	0.0	0.0	0.0
RP-T1-6_contig.fa_viral_332__full-cat_1	1	False	False	2	0	0	False	0.0	0.0	0.0	0.0	1.0	1.0	0.0
RP-T1-6_contig.fa_viral_335__lt2gene-cat_1	1	False	False	1	0	0	False	1.0	0.0	1.0	0.0	0.0	0.0	0.0
RP-T1-6_contig.fa_viral_339__full-cat_2	2	False	False	6	1	0	False	0.0	5.0	0.0	0.0	1.0	0.0	0.0
RP-T1-6_contig.fa_viral_33__full-cat_2	2	False	False	6	0	0	False	0.0	5.0	0.0	0.0	1.0	0.0	0.0
RP-T1-6_contig.fa_viral_346__full-cat_2	2	False	False	4	0	0	False	0.0	3.0	0.0	0.0	1.0	0.0	0.0
RP-T1-6_contig.fa_viral_348__full-cat_1	1	False	False	4	0	0	False	0.0	4.0	0.0	0.0	0.0	0.0	0.0
RP-T1-6_contig.fa_viral_354__lt2gene-cat_1	1	False	False	2	0	0	False	0.0	2.0	0.0	0.0	0.0	0.0	0.0
RP-T1-6_contig.fa_viral_355__full-cat_2	2	False	False	7	0	0	False	0.0	5.0	0.0	0.0	2.0	0.0	0.0
RP-T1-6_contig.fa_viral_356__full-cat_2	2	False	False	2	0	0	False	0.5	1.0	1.0	0.0	0.0	0.0	0.0
RP-T1-6_contig.fa_viral_363__full-cat_2	2	False	False	3	0	0	False	0.0	3.0	0.0	0.0	0.0	0.0	0.0
RP-T1-6_contig.fa_viral_365__full-cat_2	2	False	False	2	0	0	False	0.0	2.0	0.0	0.0	0.0	0.0	0.0
RP-T1-6_contig.fa_viral_367__full-cat_2	2	False	False	4	0	0	True	0.0	3.0	0.0	1.0	0.0	0.0	0.0
RP-T1-6_contig.fa_viral_368__full-cat_2	2	False	False	4	1	0	False	0.0	3.0	0.0	1.0	0.0	0.0	0.0
RP-T1-6_contig.fa_viral_36__full-cat_2	2	False	False	7	0	0	False	0.0	5.0	0.0	0.0	2.0	0.0	0.0
RP-T1-6_contig.fa_viral_370__full-cat_2	2	False	False	10	0	0	False	0.0	9.0	0.0	0.0	1.0	0.0	0.0
RP-T1-6_contig.fa_viral_373__full-cat_2	2	False	False	7	0	0	False	0.0	6.0	0.0	0.0	1.0	0.0	0.0
RP-T1-6_contig.fa_viral_379__full-cat_1	1	False	False	4	2	0	False	0.25	3.0	1.0	0.0	0.0	0.0	0.0
RP-T1-6_contig.fa_viral_384__full-cat_2	2	False	False	6	0	0	False	0.0	6.0	0.0	0.0	0.0	0.0	0.0
RP-T1-6_contig.fa_viral_387__full-cat_2	2	False	False	20	0	0	False	0.05	14.0	1.0	2.0	2.0	1.0	0.0
RP-T1-6_contig.fa_viral_388__full-cat_2	2	False	False	3	0	0	False	0.0	2.0	0.0	0.0	1.0	0.0	0.0
RP-T1-6_contig.fa_viral_396__full-cat_1	1	False	False	10	0	0	False	0.0	8.0	0.0	0.0	1.0	1.0	0.0
RP-T1-6_contig.fa_viral_397__full-cat_2	2	False	False	10	0	0	False	0.0	10.0	0.0	0.0	0.0	0.0	0.0
RP-T1-6_contig.fa_viral_405__full-cat_1	1	False	False	5	0	0	False	0.0	4.0	0.0	0.0	1.0	0.0	0.0
RP-T1-6_contig.fa_viral_40__full-cat_1	1	False	False	6	3	0	False	0.0	5.0	0.0	0.0	0.0	1.0	0.0
RP-T1-6_contig.fa_viral_410__full-cat_2	2	False	False	4	0	0	False	0.0	3.0	0.0	0.0	1.0	0.0	0.0
RP-T1-6_contig.fa_viral_413__full-cat_2	2	False	False	3	0	0	False	0.0	2.0	0.0	1.0	0.0	0.0	0.0
RP-T1-6_contig.fa_viral_416__full-cat_2	2	False	False	8	0	0	False	0.125	6.0	1.0	0.0	1.0	0.0	0.0
RP-T1-6_contig.fa_viral_417__full-cat_2	2	False	False	9	0	0	False	0.1111111111111111	6.0	1.0	0.0	2.0	0.0	0.0
RP-T1-6_contig.fa_viral_41__full-cat_2	2	False	False	6	0	0	False	0.0	5.0	0.0	0.0	1.0	0.0	0.0
RP-T1-6_contig.fa_viral_423__full-cat_1	1	False	False	6	0	0	False	0.0	5.0	0.0	1.0	0.0	0.0	0.0
RP-T1-6_contig.fa_viral_426__full-cat_2	2	False	False	6	0	0	False	0.0	5.0	0.0	0.0	1.0	0.0	0.0
RP-T1-6_contig.fa_viral_428__full-cat_2	2	False	False	2	1	0	True	0.0	1.0	0.0	1.0	0.0	0.0	0.0
RP-T1-6_contig.fa_viral_433__full-cat_2	2	False	False	5	0	0	False	0.0	5.0	0.0	0.0	0.0	0.0	0.0
RP-T1-6_contig.fa_viral_434__full-cat_2	2	False	False	6	0	0	False	0.0	3.0	0.0	1.0	2.0	0.0	0.0
RP-T1-6_contig.fa_viral_437__full-cat_1	1	False	False	4	0	0	False	0.0	4.0	0.0	0.0	0.0	0.0	0.0
RP-T1-6_contig.fa_viral_439__full-cat_2	2	False	False	4	0	0	False	0.0	4.0	0.0	0.0	0.0	0.0	0.0
RP-T1-6_contig.fa_viral_444__full-cat_2	2	False	False	13	0	0	False	0.0	11.0	0.0	0.0	2.0	0.0	0.0
RP-T1-6_contig.fa_viral_450__full-cat_2	2	False	False	4	1	0	True	0.0	3.0	0.0	0.0	1.0	0.0	0.0
RP-T1-6_contig.fa_viral_451__full-cat_2	2	False	False	6	0	0	False	0.0	6.0	0.0	0.0	0.0	0.0	0.0
RP-T1-6_contig.fa_viral_454__full-cat_2	2	False	False	10	2	0	False	0.0	10.0	0.0	0.0	0.0	0.0	0.0
RP-T1-6_contig.fa_viral_456__full-cat_2	2	False	False	2	0	0	False	0.0	1.0	0.0	1.0	0.0	0.0	0.0
RP-T1-6_contig.fa_viral_45__full-cat_2	2	False	False	7	0	0	False	0.0	7.0	0.0	0.0	0.0	0.0	0.0
RP-T1-6_contig.fa_viral_464__lt2gene-cat_1	1	False	False	2	0	0	False	0.0	2.0	0.0	0.0	0.0	0.0	0.0
RP-T1-6_contig.fa_viral_465__full-cat_1	1	False	False	3	0	0	False	0.0	2.0	0.0	0.0	1.0	0.0	0.0
RP-T1-6_contig.fa_viral_468__full-cat_2	2	False	False	9	0	0	False	0.0	7.0	0.0	0.0	2.0	0.0	0.0
RP-T1-6_contig.fa_viral_471__full-cat_2	2	False	False	5	0	0	False	0.0	3.0	0.0	1.0	1.0	0.0	0.0
RP-T1-6_contig.fa_viral_474__full-cat_2	2	False	False	4	0	0	False	0.0	3.0	0.0	1.0	0.0	0.0	0.0
RP-T1-6_contig.fa_viral_476__full-cat_1	1	False	False	4	1	1	False	0.25	3.0	1.0	0.0	0.0	0.0	0.0
RP-T1-6_contig.fa_viral_482__lt2gene-cat_1	1	False	False	2	0	0	False	0.0	1.0	0.0	0.0	1.0	0.0	0.0
RP-T1-6_contig.fa_viral_485__full-cat_1	1	False	False	7	1	0	False	0.0	7.0	0.0	0.0	0.0	0.0	0.0
RP-T1-6_contig.fa_viral_487__full-cat_1	1	False	False	9	0	0	False	0.0	7.0	0.0	0.0	0.0	2.0	0.0
RP-T1-6_contig.fa_viral_488__full-cat_1	1	False	False	12	0	0	False	0.0	11.0	0.0	0.0	0.0	1.0	0.0
RP-T1-6_contig.fa_viral_495__full-cat_2	2	False	False	5	0	0	False	0.0	4.0	0.0	0.0	1.0	0.0	0.0
RP-T1-6_contig.fa_viral_497__full-cat_2	2	False	False	4	0	0	False	0.0	4.0	0.0	0.0	0.0	0.0	0.0
RP-T1-6_contig.fa_viral_501__full-cat_2	2	False	False	3	0	0	False	0.0	3.0	0.0	0.0	0.0	0.0	0.0
RP-T1-6_contig.fa_viral_502__full-cat_2	2	False	False	2	0	0	False	0.5	1.0	1.0	0.0	0.0	0.0	0.0
RP-T1-6_contig.fa_viral_507__full-cat_2	2	False	False	3	1	0	False	0.0	2.0	0.0	1.0	0.0	0.0	0.0
RP-T1-6_contig.fa_viral_509__full-cat_2	2	False	False	6	2	0	True	0.16666666666666666	5.0	1.0	0.0	0.0	0.0	0.0
RP-T1-6_contig.fa_viral_510__full-cat_2	2	False	False	4	1	0	False	0.0	4.0	0.0	0.0	0.0	0.0	0.0
RP-T1-6_contig.fa_viral_514__full-cat_1	1	False	False	5	0	0	False	0.0	4.0	0.0	0.0	0.0	1.0	0.0
RP-T1-6_contig.fa_viral_51__full-cat_2	2	False	False	4	0	0	False	0.0	4.0	0.0	0.0	0.0	0.0	0.0
RP-T1-6_contig.fa_viral_52__full-cat_2	2	False	False	7	0	0	False	0.14285714285714285	6.0	1.0	0.0	0.0	0.0	0.0
RP-T1-6_contig.fa_viral_55__full-cat_2	2	False	False	5	0	0	False	0.0	4.0	0.0	1.0	0.0	0.0	0.0
RP-T1-6_contig.fa_viral_5__full-cat_1	1	False	False	7	0	0	False	0.0	6.0	0.0	0.0	1.0	0.0	0.0
RP-T1-6_contig.fa_viral_60__lt2gene-cat_1	1	False	False	2	0	0	False	0.0	1.0	0.0	0.0	0.0	1.0	0.0
RP-T1-6_contig.fa_viral_63__full-cat_2	2	False	False	7	0	0	False	0.0	7.0	0.0	0.0	0.0	0.0	0.0
RP-T1-6_contig.fa_viral_64__full-cat_2	2	False	False	7	1	0	False	0.0	7.0	0.0	0.0	0.0	0.0	0.0
RP-T1-6_contig.fa_viral_66__full-cat_1	1	False	False	5	0	0	False	0.0	3.0	0.0	0.0	2.0	0.0	0.0
RP-T1-6_contig.fa_viral_69__full-cat_2	2	False	False	42	2	0	False	0.0	38.0	0.0	0.0	4.0	0.0	0.0
RP-T1-6_contig.fa_viral_78__full-cat_1	1	False	False	5	1	0	False	0.0	4.0	0.0	0.0	0.0	1.0	0.0
RP-T1-6_contig.fa_viral_79__full-cat_2	2	False	False	5	0	0	False	0.0	5.0	0.0	0.0	0.0	0.0	0.0
RP-T1-6_contig.fa_viral_84__full-cat_2	2	False	False	6	0	0	False	0.0	4.0	0.0	0.0	2.0	0.0	0.0
RP-T1-6_contig.fa_viral_85__full-cat_2	2	False	False	5	0	0	False	0.2	4.0	1.0	0.0	0.0	0.0	0.0
RP-T1-6_contig.fa_viral_91__full-cat_1	1	False	False	13	2	0	False	0.0	9.0	0.0	0.0	2.0	2.0	0.0
RP-T1-6_contig.fa_viral_93__lt2gene-cat_1	1	False	False	2	0	0	False	0.0	1.0	0.0	0.0	1.0	0.0	0.0
RP-T1-6_contig.fa_viral_94__full-cat_1	1	False	False	5	0	0	False	0.0	5.0	0.0	0.0	0.0	0.0	0.0
RP-T1-9_contig.fa_viral_103__full-cat_1	1	False	False	4	0	0	False	0.0	4.0	0.0	0.0	0.0	0.0	0.0
RP-T1-9_contig.fa_viral_104__lt2gene-cat_1	1	False	False	2	0	0	False	0.0	2.0	0.0	0.0	0.0	0.0	0.0
RP-T1-9_contig.fa_viral_106__full-cat_1	1	False	False	5	0	0	False	0.0	4.0	0.0	0.0	0.0	1.0	0.0
RP-T1-9_contig.fa_viral_114__full-cat_2	2	False	False	5	0	0	False	0.0	4.0	0.0	0.0	1.0	0.0	0.0
RP-T1-9_contig.fa_viral_116__full-cat_2	2	False	False	5	1	0	False	0.0	5.0	0.0	0.0	0.0	0.0	0.0
RP-T1-9_contig.fa_viral_120__full-cat_2	2	False	False	3	0	0	False	0.0	2.0	0.0	1.0	0.0	0.0	0.0
RP-T1-9_contig.fa_viral_121__full-cat_1	1	False	False	6	2	1	False	0.0	6.0	0.0	0.0	0.0	0.0	0.0
RP-T1-9_contig.fa_viral_123__full-cat_1	1	False	False	4	0	0	False	0.25	3.0	1.0	0.0	0.0	0.0	0.0
RP-T1-9_contig.fa_viral_133__full-cat_2	2	False	False	3	0	0	False	0.0	2.0	0.0	1.0	0.0	0.0	0.0
RP-T1-9_contig.fa_viral_137__full-cat_2	2	False	False	3	1	0	False	0.0	3.0	0.0	0.0	0.0	0.0	0.0
RP-T1-9_contig.fa_viral_143__full-cat_2	2	False	False	8	0	0	False	0.0	8.0	0.0	0.0	0.0	0.0	0.0
RP-T1-9_contig.fa_viral_152__full-cat_2	2	False	False	7	1	0	False	0.0	6.0	0.0	1.0	0.0	0.0	0.0
RP-T1-9_contig.fa_viral_154__full-cat_2	2	False	False	3	0	0	False	0.0	2.0	0.0	1.0	0.0	0.0	0.0
RP-T1-9_contig.fa_viral_165__full-cat_2	2	False	False	6	2	0	False	0.0	6.0	0.0	0.0	0.0	0.0	0.0
RP-T1-9_contig.fa_viral_167__full-cat_2	2	False	False	7	1	0	False	0.0	7.0	0.0	0.0	0.0	0.0	0.0
RP-T1-9_contig.fa_viral_175__full-cat_1	1	False	False	9	0	0	False	0.0	6.0	0.0	0.0	0.0	3.0	0.0
RP-T1-9_contig.fa_viral_179__full-cat_1	1	False	False	3	2	0	False	0.3333333333333333	2.0	1.0	0.0	0.0	0.0	0.0
RP-T1-9_contig.fa_viral_180__full-cat_2	2	False	False	8	1	0	False	0.0	8.0	0.0	0.0	0.0	0.0	0.0
RP-T1-9_contig.fa_viral_184__full-cat_2	2	False	False	6	2	0	False	0.0	5.0	0.0	1.0	0.0	0.0	0.0
RP-T1-9_contig.fa_viral_185__full-cat_2	2	False	False	5	1	0	False	0.2	4.0	1.0	0.0	0.0	0.0	0.0
RP-T1-9_contig.fa_viral_190__full-cat_2	2	False	False	4	2	0	False	0.0	3.0	0.0	1.0	0.0	0.0	0.0
RP-T1-9_contig.fa_viral_197__full-cat_2	2	False	False	4	0	0	False	0.0	3.0	1.0	0.0	0.0	0.0	0.0
RP-T1-9_contig.fa_viral_208__full-cat_1	1	False	False	3	0	0	False	0.0	2.0	0.0	0.0	1.0	0.0	0.0
RP-T1-9_contig.fa_viral_29__full-cat_2	2	False	False	3	1	0	False	0.0	2.0	0.0	0.0	1.0	0.0	0.0
RP-T1-9_contig.fa_viral_30__full-cat_2	2	False	False	3	0	0	False	0.3333333333333333	2.0	1.0	0.0	0.0	0.0	0.0
RP-T1-9_contig.fa_viral_31__full-cat_2	2	False	False	2	0	0	False	0.0	2.0	0.0	0.0	0.0	0.0	0.0
RP-T1-9_contig.fa_viral_37__full-cat_2	2	False	False	3	0	0	False	0.0	3.0	0.0	0.0	0.0	0.0	0.0
RP-T1-9_contig.fa_viral_44__lt2gene-cat_1	1	False	False	1	0	0	False	0.0	1.0	0.0	0.0	0.0	0.0	0.0
RP-T1-9_contig.fa_viral_48__full-cat_2	2	False	False	3	1	0	False	0.0	2.0	0.0	1.0	0.0	0.0	0.0
RP-T1-9_contig.fa_viral_49__full-cat_1	1	False	False	7	0	0	False	0.0	5.0	0.0	0.0	1.0	1.0	0.0
RP-T1-9_contig.fa_viral_57__full-cat_1	1	False	False	3	0	0	False	0.0	2.0	0.0	0.0	0.0	1.0	0.0
RP-T1-9_contig.fa_viral_66__full-cat_2	2	False	False	7	1	0	False	0.0	5.0	0.0	2.0	0.0	0.0	0.0
RP-T1-9_contig.fa_viral_72__full-cat_1	1	False	False	10	0	0	False	0.0	9.0	0.0	0.0	1.0	0.0	0.0
RP-T1-9_contig.fa_viral_83__full-cat_2	2	False	False	5	0	0	False	0.2	4.0	1.0	0.0	0.0	0.0	0.0
RP-T1-9_contig.fa_viral_85__full-cat_2	2	False	False	2	0	0	False	0.5	1.0	1.0	0.0	0.0	0.0	0.0
RP-T1-9_contig.fa_viral_91__full-cat_1	1	False	False	3	0	0	False	0.3333333333333333	2.0	1.0	0.0	0.0	0.0	0.0
SC-T1-3_contig.fa_provirus_11__full-cat_1	1	False	False	17	0	0	False	0.0	14.0	0.0	1.0	0.0	2.0	0.0
SC-T1-3_contig.fa_provirus_12__full-cat_1	1	False	False	11	0	0	False	0.0	6.0	0.0	0.0	4.0	1.0	0.0
SC-T1-3_contig.fa_provirus_2__full-cat_2	2	False	False	5	0	0	False	0.2	2.0	1.0	0.0	2.0	0.0	0.0
SC-T1-3_contig.fa_provirus_3__full-cat_1	1	False	False	6	1	0	False	0.0	5.0	0.0	0.0	1.0	0.0	0.0
SC-T1-3_contig.fa_viral_100__full-cat_2	2	False	False	11	1	0	False	0.0	10.0	0.0	0.0	1.0	0.0	0.0
SC-T1-3_contig.fa_viral_103__full-cat_1	1	False	False	6	1	0	False	0.0	6.0	0.0	0.0	0.0	0.0	0.0
SC-T1-3_contig.fa_viral_106__full-cat_2	2	False	False	7	1	0	False	0.14285714285714285	6.0	1.0	0.0	0.0	0.0	0.0
SC-T1-3_contig.fa_viral_114__full-cat_2	2	False	False	13	1	0	False	0.0	12.0	0.0	0.0	1.0	0.0	0.0
SC-T1-3_contig.fa_viral_120__full-cat_2	2	False	False	4	0	0	False	0.0	4.0	0.0	0.0	0.0	0.0	0.0
SC-T1-3_contig.fa_viral_125__full-cat_1	1	False	False	10	4	0	False	0.0	8.0	0.0	2.0	0.0	0.0	0.0
SC-T1-3_contig.fa_viral_129__full-cat_2	2	False	False	5	0	0	True	0.0	4.0	0.0	0.0	1.0	0.0	0.0
SC-T1-3_contig.fa_viral_130__full-cat_2	2	False	False	10	8	0	True	0.0	10.0	0.0	0.0	0.0	0.0	0.0
SC-T1-3_contig.fa_viral_131__full-cat_2	2	False	False	4	1	0	False	0.0	3.0	0.0	0.0	1.0	0.0	0.0
SC-T1-3_contig.fa_viral_133__full-cat_2	2	False	False	6	0	0	False	0.0	5.0	0.0	0.0	1.0	0.0	0.0
SC-T1-3_contig.fa_viral_134__full-cat_2	2	False	False	7	1	0	False	0.0	6.0	0.0	1.0	0.0	0.0	0.0
SC-T1-3_contig.fa_viral_141__full-cat_2	2	False	False	9	1	0	False	0.1111111111111111	6.0	1.0	1.0	1.0	0.0	0.0
SC-T1-3_contig.fa_viral_143__full-cat_2	2	False	False	6	2	0	False	0.16666666666666666	5.0	1.0	0.0	0.0	0.0	0.0
SC-T1-3_contig.fa_viral_144__full-cat_1	1	False	False	3	1	0	False	0.0	2.0	0.0	0.0	1.0	0.0	0.0
SC-T1-3_contig.fa_viral_149__full-cat_2	2	False	False	6	2	0	False	0.0	5.0	0.0	0.0	0.0	1.0	0.0
SC-T1-3_contig.fa_viral_160__full-cat_2	2	False	False	5	0	0	False	0.0	4.0	0.0	1.0	0.0	0.0	0.0
SC-T1-3_contig.fa_viral_164__full-cat_1	1	False	False	16	3	0	False	0.0	11.0	0.0	0.0	4.0	1.0	0.0
SC-T1-3_contig.fa_viral_165__full-cat_2	2	False	False	7	0	0	False	0.0	5.0	0.0	0.0	2.0	0.0	0.0
SC-T1-3_contig.fa_viral_167__full-cat_2	2	False	False	5	3	0	True	0.0	4.0	0.0	1.0	0.0	0.0	0.0
SC-T1-3_contig.fa_viral_170__full-cat_1	1	False	False	13	0	0	False	0.0	12.0	0.0	0.0	1.0	0.0	0.0
SC-T1-3_contig.fa_viral_171__full-cat_2	2	False	False	5	1	0	False	0.0	4.0	0.0	0.0	1.0	0.0	0.0
SC-T1-3_contig.fa_viral_172__full-cat_2	2	False	False	4	0	0	False	0.0	1.0	0.0	3.0	0.0	0.0	0.0
SC-T1-3_contig.fa_viral_175__full-cat_1	1	False	False	3	1	0	False	0.0	2.0	0.0	0.0	1.0	0.0	0.0
SC-T1-3_contig.fa_viral_182__full-cat_2	2	False	False	6	3	0	False	0.0	6.0	0.0	0.0	0.0	0.0	0.0
SC-T1-3_contig.fa_viral_187__full-cat_2	2	False	False	2	0	0	False	0.0	2.0	0.0	0.0	0.0	0.0	0.0
SC-T1-3_contig.fa_viral_195__full-cat_2	2	False	False	5	1	0	False	0.0	4.0	1.0	0.0	0.0	0.0	0.0
SC-T1-3_contig.fa_viral_199__full-cat_1	1	False	False	2	0	0	False	0.0	2.0	0.0	0.0	0.0	0.0	0.0
SC-T1-3_contig.fa_viral_200__full-cat_2	2	False	False	6	1	0	False	0.0	6.0	0.0	0.0	0.0	0.0	0.0
SC-T1-3_contig.fa_viral_202__full-cat_1	1	False	False	13	4	0	False	0.0	9.0	0.0	0.0	3.0	1.0	0.0
SC-T1-3_contig.fa_viral_206__full-cat_1	1	False	False	2	1	0	False	0.0	2.0	0.0	0.0	0.0	0.0	0.0
SC-T1-3_contig.fa_viral_20__full-cat_2	2	False	False	6	1	0	False	0.0	5.0	0.0	0.0	1.0	0.0	0.0
SC-T1-3_contig.fa_viral_212__full-cat_1	1	False	False	5	3	0	False	0.0	5.0	0.0	0.0	0.0	0.0	0.0
SC-T1-3_contig.fa_viral_21__full-cat_2	2	False	False	2	0	0	False	0.5	1.0	1.0	0.0	0.0	0.0	0.0
SC-T1-3_contig.fa_viral_220__full-cat_2	2	False	False	5	0	0	False	0.0	5.0	0.0	0.0	0.0	0.0	0.0
SC-T1-3_contig.fa_viral_225__full-cat_2	2	False	False	4	2	0	False	0.0	4.0	0.0	0.0	0.0	0.0	0.0
SC-T1-3_contig.fa_viral_229__full-cat_2	2	False	False	3	1	0	False	0.0	3.0	0.0	0.0	0.0	0.0	0.0
SC-T1-3_contig.fa_viral_241__full-cat_2	2	False	False	4	1	0	False	0.0	4.0	0.0	0.0	0.0	0.0	0.0
SC-T1-3_contig.fa_viral_242__full-cat_2	2	False	False	4	0	0	False	0.0	3.0	0.0	0.0	1.0	0.0	0.0
SC-T1-3_contig.fa_viral_245__full-cat_1	1	False	False	11	1	0	False	0.0	5.0	0.0	0.0	5.0	1.0	0.0
SC-T1-3_contig.fa_viral_247__full-cat_2	2	False	False	8	3	0	False	0.0	8.0	0.0	0.0	0.0	0.0	0.0
SC-T1-3_contig.fa_viral_248__full-cat_2	2	False	False	7	3	0	False	0.0	7.0	0.0	0.0	0.0	0.0	0.0
SC-T1-3_contig.fa_viral_252__full-cat_2	2	False	False	3	0	0	False	0.3333333333333333	2.0	1.0	0.0	0.0	0.0	0.0
SC-T1-3_contig.fa_viral_254__full-cat_2	2	False	False	6	0	0	False	0.0	6.0	0.0	0.0	0.0	0.0	0.0
SC-T1-3_contig.fa_viral_257__full-cat_2	2	False	False	3	0	0	True	0.0	2.0	0.0	1.0	0.0	0.0	0.0
SC-T1-3_contig.fa_viral_262__full-cat_2	2	False	False	11	0	0	False	0.0	11.0	0.0	0.0	0.0	0.0	0.0
SC-T1-3_contig.fa_viral_268__full-cat_1	1	False	False	2	0	0	False	0.0	1.0	0.0	0.0	0.0	1.0	0.0
SC-T1-3_contig.fa_viral_271__full-cat_2	2	False	False	4	0	0	False	0.0	4.0	0.0	0.0	0.0	0.0	0.0
SC-T1-3_contig.fa_viral_273__full-cat_2	2	False	False	5	1	0	False	0.0	5.0	0.0	0.0	0.0	0.0	0.0
SC-T1-3_contig.fa_viral_290__full-cat_2	2	False	False	8	0	0	False	0.0	7.0	0.0	0.0	1.0	0.0	0.0
SC-T1-3_contig.fa_viral_292__full-cat_1	1	False	False	5	0	0	True	0.0	3.0	0.0	1.0	0.0	1.0	0.0
SC-T1-3_contig.fa_viral_31__full-cat_1	1	False	False	4	0	0	False	0.0	2.0	0.0	0.0	0.0	2.0	0.0
SC-T1-3_contig.fa_viral_32__full-cat_2	2	False	False	3	0	0	False	0.3333333333333333	2.0	1.0	0.0	0.0	0.0	0.0
SC-T1-3_contig.fa_viral_33__full-cat_2	2	False	False	4	2	0	False	0.0	4.0	0.0	0.0	0.0	0.0	0.0
SC-T1-3_contig.fa_viral_34__full-cat_2	2	False	False	8	3	0	False	0.0	7.0	0.0	1.0	0.0	0.0	0.0
SC-T1-3_contig.fa_viral_35__full-cat_2	2	False	False	2	0	0	False	0.5	1.0	1.0	0.0	0.0	0.0	0.0
SC-T1-3_contig.fa_viral_39__full-cat_2	2	False	False	3	0	0	False	0.0	3.0	0.0	0.0	0.0	0.0	0.0
SC-T1-3_contig.fa_viral_4__full-cat_2	2	False	False	7	2	0	False	0.0	7.0	0.0	0.0	0.0	0.0	0.0
SC-T1-3_contig.fa_viral_50__full-cat_2	2	False	False	7	0	0	False	0.0	6.0	0.0	0.0	1.0	0.0	0.0
SC-T1-3_contig.fa_viral_52__full-cat_2	2	False	False	9	2	0	False	0.0	9.0	0.0	0.0	0.0	0.0	0.0
SC-T1-3_contig.fa_viral_57__full-cat_2	2	False	False	4	2	0	False	0.0	4.0	0.0	0.0	0.0	0.0	0.0
SC-T1-3_contig.fa_viral_5__full-cat_1	1	False	False	10	2	0	False	0.0	8.0	0.0	0.0	2.0	0.0	0.0
SC-T1-3_contig.fa_viral_60__full-cat_2	2	False	False	3	0	0	False	0.0	3.0	0.0	0.0	0.0	0.0	0.0
SC-T1-3_contig.fa_viral_64__full-cat_1	1	False	False	7	1	0	False	0.0	6.0	0.0	0.0	1.0	0.0	0.0
SC-T1-3_contig.fa_viral_66__full-cat_2	2	False	False	4	0	0	False	0.0	4.0	0.0	0.0	0.0	0.0	0.0
SC-T1-3_contig.fa_viral_72__full-cat_1	1	False	False	4	3	0	False	0.0	4.0	0.0	0.0	0.0	0.0	0.0
SC-T1-3_contig.fa_viral_73__full-cat_2	2	False	False	7	1	0	False	0.0	6.0	0.0	1.0	0.0	0.0	0.0
SC-T1-3_contig.fa_viral_77__full-cat_2	2	False	False	2	0	0	False	0.0	2.0	0.0	0.0	0.0	0.0	0.0
SC-T1-3_contig.fa_viral_86__full-cat_1	1	False	False	3	0	0	False	0.0	3.0	0.0	0.0	0.0	0.0	0.0
SC-T1-3_contig.fa_viral_8__full-cat_2	2	False	False	2	0	0	False	0.0	1.0	0.0	1.0	0.0	0.0	0.0
SC-T1-3_contig.fa_viral_95__full-cat_2	2	False	False	3	0	0	True	0.0	2.0	0.0	0.0	1.0	0.0	0.0
SC-T1-3_contig.fa_viral_97__full-cat_2	2	False	False	7	1	0	False	0.0	7.0	0.0	0.0	0.0	0.0	0.0
SC-T1-3_contig.fa_viral_98__full-cat_2	2	False	False	9	0	0	False	0.0	9.0	0.0	0.0	0.0	0.0	0.0
SC-T1-6_contig.fa_viral_118__full-cat_2	2	False	False	2	0	0	False	0.0	2.0	0.0	0.0	0.0	0.0	0.0
SC-T1-6_contig.fa_viral_124__full-cat_1	1	False	False	4	0	0	False	0.0	3.0	0.0	0.0	0.0	1.0	0.0
SC-T1-6_contig.fa_viral_126__full-cat_1	1	False	False	3	0	0	False	0.0	3.0	0.0	0.0	0.0	0.0	0.0
SC-T1-6_contig.fa_viral_128__full-cat_2	2	False	False	9	5	0	False	0.0	9.0	0.0	0.0	0.0	0.0	0.0
SC-T1-6_contig.fa_viral_130__full-cat_2	2	False	False	18	0	0	False	0.0	17.0	0.0	0.0	1.0	0.0	0.0
SC-T1-6_contig.fa_viral_132__0_partial-cat_4	4	False	True	13	0	0	False	0.0	12.0	0.0	0.0	0.0	1.0	0.0
SC-T1-6_contig.fa_viral_148__full-cat_2	2	False	False	6	2	0	False	0.16666666666666666	5.0	1.0	0.0	0.0	0.0	0.0
SC-T1-6_contig.fa_viral_158__full-cat_2	2	False	False	4	1	0	False	0.0	4.0	0.0	0.0	0.0	0.0	0.0
SC-T1-6_contig.fa_viral_16__full-cat_2	2	False	False	3	0	0	False	0.3333333333333333	2.0	1.0	0.0	0.0	0.0	0.0
SC-T1-6_contig.fa_viral_171__full-cat_2	2	False	False	5	2	0	False	0.0	4.0	0.0	1.0	0.0	0.0	0.0
SC-T1-6_contig.fa_viral_182__full-cat_2	2	False	False	3	0	0	False	0.0	2.0	0.0	1.0	0.0	0.0	0.0
SC-T1-6_contig.fa_viral_183__full-cat_2	2	False	False	3	0	0	False	0.0	2.0	0.0	0.0	1.0	0.0	0.0
SC-T1-6_contig.fa_viral_184__full-cat_1	1	False	False	3	0	0	False	0.0	2.0	0.0	0.0	0.0	1.0	0.0
SC-T1-6_contig.fa_viral_188__full-cat_2	2	False	False	3	1	0	False	0.0	3.0	0.0	0.0	0.0	0.0	0.0
SC-T1-6_contig.fa_viral_189__full-cat_2	2	False	False	3	0	0	False	0.0	2.0	0.0	1.0	0.0	0.0	0.0
SC-T1-6_contig.fa_viral_192__full-cat_1	1	False	False	5	0	0	False	0.0	4.0	0.0	0.0	0.0	1.0	0.0
SC-T1-6_contig.fa_viral_227__full-cat_2	2	False	False	3	2	0	False	0.3333333333333333	2.0	1.0	0.0	0.0	0.0	0.0
SC-T1-6_contig.fa_viral_232__full-cat_1	1	False	False	3	0	0	False	0.0	2.0	0.0	0.0	0.0	1.0	0.0
SC-T1-6_contig.fa_viral_253__full-cat_1	1	False	False	5	0	0	False	0.0	4.0	0.0	0.0	1.0	0.0	0.0
SC-T1-6_contig.fa_viral_254__full-cat_2	2	False	False	2	0	0	True	0.0	2.0	0.0	0.0	0.0	0.0	0.0
SC-T1-6_contig.fa_viral_25__full-cat_1	1	False	False	6	0	0	False	0.16666666666666666	5.0	1.0	0.0	0.0	0.0	0.0
SC-T1-6_contig.fa_viral_263__full-cat_1	1	False	False	5	0	0	False	0.0	4.0	0.0	0.0	0.0	1.0	0.0
SC-T1-6_contig.fa_viral_267__full-cat_2	2	False	False	4	0	0	False	0.0	4.0	0.0	0.0	0.0	0.0	0.0
SC-T1-6_contig.fa_viral_26__full-cat_2	2	False	False	3	1	0	False	0.0	2.0	0.0	1.0	0.0	0.0	0.0
SC-T1-6_contig.fa_viral_28__full-cat_2	2	False	False	4	1	0	False	0.0	4.0	0.0	0.0	0.0	0.0	0.0
SC-T1-6_contig.fa_viral_34__full-cat_2	2	False	False	7	0	0	False	0.0	7.0	0.0	0.0	0.0	0.0	0.0
SC-T1-6_contig.fa_viral_40__full-cat_2	2	False	False	6	0	0	False	0.16666666666666666	5.0	1.0	0.0	0.0	0.0	0.0
SC-T1-6_contig.fa_viral_71__lt2gene-cat_1	1	False	False	1	0	0	False	0.0	1.0	0.0	0.0	0.0	0.0	0.0
SC-T1-6_contig.fa_viral_74__lt2gene-cat_1	1	False	False	2	0	0	False	0.0	2.0	0.0	0.0	0.0	0.0	0.0
SC-T1-6_contig.fa_viral_86__full-cat_2	2	False	False	2	0	0	True	0.0	1.0	0.0	1.0	0.0	0.0	0.0
SC-T1-6_contig.fa_viral_96__full-cat_2	2	False	False	5	2	0	False	0.0	4.0	0.0	1.0	0.0	0.0	0.0
SC-T1-6_contig.fa_viral_97__full-cat_2	2	False	False	2	0	0	False	0.0	1.0	0.0	1.0	0.0	0.0	0.0
SC-T1-9_contig.fa_viral_102__full-cat_2	2	False	False	5	1	0	False	0.2	4.0	1.0	0.0	0.0	0.0	0.0
SC-T1-9_contig.fa_viral_103__full-cat_2	2	False	False	3	0	0	True	0.0	1.0	0.0	2.0	0.0	0.0	0.0
SC-T1-9_contig.fa_viral_10__full-cat_2	2	False	False	4	1	0	False	0.0	4.0	0.0	0.0	0.0	0.0	0.0
SC-T1-9_contig.fa_viral_124__full-cat_1	1	False	False	6	0	0	False	0.0	5.0	0.0	1.0	0.0	0.0	0.0
SC-T1-9_contig.fa_viral_131__full-cat_2	2	False	False	3	0	0	True	0.0	0.0	0.0	3.0	0.0	0.0	0.0
SC-T1-9_contig.fa_viral_146__full-cat_2	2	False	False	3	1	0	False	0.3333333333333333	2.0	1.0	0.0	0.0	0.0	0.0
SC-T1-9_contig.fa_viral_147__full-cat_2	2	False	False	5	2	0	False	0.2	3.0	1.0	1.0	0.0	0.0	0.0
SC-T1-9_contig.fa_viral_14__full-cat_2	2	False	False	11	0	0	False	0.0	11.0	0.0	0.0	0.0	0.0	0.0
SC-T1-9_contig.fa_viral_154__full-cat_2	2	False	False	4	0	0	False	0.0	4.0	0.0	0.0	0.0	0.0	0.0
SC-T1-9_contig.fa_viral_157__full-cat_2	2	False	False	2	0	0	False	0.5	1.0	1.0	0.0	0.0	0.0	0.0
SC-T1-9_contig.fa_viral_169__full-cat_1	1	False	False	9	0	0	False	0.0	5.0	0.0	0.0	3.0	1.0	0.0
SC-T1-9_contig.fa_viral_185__full-cat_1	1	False	False	72	8	0	False	0.0	62.0	0.0	2.0	6.0	2.0	0.0
SC-T1-9_contig.fa_viral_190__full-cat_1	1	False	False	7	0	0	False	0.0	7.0	0.0	0.0	0.0	0.0	0.0
SC-T1-9_contig.fa_viral_197__full-cat_2	2	False	False	2	1	0	True	0.0	2.0	0.0	0.0	0.0	0.0	0.0
SC-T1-9_contig.fa_viral_198__full-cat_2	2	False	False	2	0	0	False	0.0	1.0	0.0	1.0	0.0	0.0	0.0
SC-T1-9_contig.fa_viral_201__full-cat_2	2	False	False	6	1	0	False	0.16666666666666666	3.0	1.0	1.0	1.0	0.0	0.0
SC-T1-9_contig.fa_viral_211__full-cat_2	2	False	False	2	0	0	True	0.0	2.0	0.0	0.0	0.0	0.0	0.0
SC-T1-9_contig.fa_viral_214__full-cat_1	1	False	False	3	0	0	False	0.0	3.0	0.0	0.0	0.0	0.0	0.0
SC-T1-9_contig.fa_viral_21__full-cat_2	2	False	False	4	0	0	False	0.0	4.0	0.0	0.0	0.0	0.0	0.0
SC-T1-9_contig.fa_viral_220__full-cat_2	2	False	False	3	1	0	False	0.0	3.0	0.0	0.0	0.0	0.0	0.0
SC-T1-9_contig.fa_viral_221__full-cat_2	2	False	False	3	0	0	True	0.0	3.0	0.0	0.0	0.0	0.0	0.0
SC-T1-9_contig.fa_viral_29__full-cat_2	2	False	False	4	0	0	False	0.0	4.0	0.0	0.0	0.0	0.0	0.0
SC-T1-9_contig.fa_viral_41__lt2gene-cat_1	1	False	False	2	1	0	False	0.5	1.0	1.0	0.0	0.0	0.0	0.0
SC-T1-9_contig.fa_viral_42__full-cat_2	2	False	False	2	0	0	False	0.0	2.0	0.0	0.0	0.0	0.0	0.0
SC-T1-9_contig.fa_viral_53__full-cat_2	2	False	False	7	0	0	False	0.0	6.0	0.0	1.0	0.0	0.0	0.0
SC-T1-9_contig.fa_viral_57__full-cat_2	2	False	False	3	1	0	False	0.0	3.0	0.0	0.0	0.0	0.0	0.0
SC-T1-9_contig.fa_viral_63__full-cat_1	1	False	False	2	1	0	False	0.5	1.0	1.0	0.0	0.0	0.0	0.0
SC-T1-9_contig.fa_viral_7__full-cat_2	2	False	False	5	1	0	False	0.4	3.0	2.0	0.0	0.0	0.0	0.0
SC-T1-9_contig.fa_viral_84__full-cat_2	2	False	False	10	2	0	False	0.0	10.0	0.0	0.0	0.0	0.0	0.0
UAB-T1-3_contig.fa_viral_10__full-cat_1	1	False	False	5	0	0	False	0.0	4.0	0.0	0.0	0.0	1.0	0.0
UAB-T1-3_contig.fa_viral_11__full-cat_2	2	False	False	4	1	0	False	0.0	3.0	0.0	1.0	0.0	0.0	0.0
UAB-T1-3_contig.fa_viral_19__full-cat_2	2	False	False	4	0	0	False	0.0	4.0	0.0	0.0	0.0	0.0	0.0
UAB-T1-3_contig.fa_viral_2__full-cat_2	2	False	False	3	0	0	False	0.3333333333333333	2.0	1.0	0.0	0.0	0.0	0.0
UAB-T1-6_contig.fa_provirus_8__full-cat_1	1	False	False	2	0	0	False	0.0	1.0	0.0	1.0	0.0	0.0	0.0
UAB-T1-6_contig.fa_provirus_9__lt2gene-cat_1	1	False	False	2	0	0	False	0.0	2.0	0.0	0.0	0.0	0.0	0.0
UAB-T1-6_contig.fa_viral_104__full-cat_2	2	False	False	4	0	0	False	0.0	4.0	0.0	0.0	0.0	0.0	0.0
UAB-T1-6_contig.fa_viral_114__full-cat_2	2	False	False	6	0	0	False	0.0	6.0	0.0	0.0	0.0	0.0	0.0
UAB-T1-6_contig.fa_viral_115__full-cat_1	1	False	False	78	4	1	False	0.0	46.0	0.0	4.0	23.0	5.0	0.0
UAB-T1-6_contig.fa_viral_133__full-cat_1	1	False	False	6	2	0	False	0.0	5.0	0.0	0.0	0.0	1.0	0.0
UAB-T1-6_contig.fa_viral_136__full-cat_1	1	False	False	4	0	0	False	0.0	3.0	0.0	1.0	0.0	0.0	0.0
UAB-T1-6_contig.fa_viral_145__full-cat_2	2	False	False	3	0	0	False	0.0	3.0	0.0	0.0	0.0	0.0	0.0
UAB-T1-6_contig.fa_viral_147__full-cat_2	2	False	False	5	0	0	False	0.0	4.0	0.0	1.0	0.0	0.0	0.0
UAB-T1-6_contig.fa_viral_156__full-cat_2	2	False	False	2	0	0	False	0.0	2.0	0.0	0.0	0.0	0.0	0.0
UAB-T1-6_contig.fa_viral_158__full-cat_2	2	False	False	8	3	0	False	0.0	8.0	0.0	0.0	0.0	0.0	0.0
UAB-T1-6_contig.fa_viral_167__lt2gene-cat_1	1	False	False	2	0	0	False	0.0	2.0	0.0	0.0	0.0	0.0	0.0
UAB-T1-6_contig.fa_viral_169__full-cat_2	2	False	False	10	3	0	False	0.1	9.0	1.0	0.0	0.0	0.0	0.0
UAB-T1-6_contig.fa_viral_171__full-cat_1	1	False	False	3	1	0	False	0.3333333333333333	1.0	1.0	0.0	1.0	0.0	0.0
UAB-T1-6_contig.fa_viral_17__full-cat_2	2	False	False	6	0	0	False	0.0	5.0	0.0	0.0	1.0	0.0	0.0
UAB-T1-6_contig.fa_viral_195__full-cat_2	2	False	False	3	2	0	False	0.0	3.0	0.0	0.0	0.0	0.0	0.0
UAB-T1-6_contig.fa_viral_196__full-cat_2	2	False	False	2	0	0	False	0.0	2.0	0.0	0.0	0.0	0.0	0.0
UAB-T1-6_contig.fa_viral_197__full-cat_2	2	False	False	6	2	0	False	0.0	6.0	0.0	0.0	0.0	0.0	0.0
UAB-T1-6_contig.fa_viral_199__full-cat_1	1	False	False	7	0	0	False	0.0	7.0	0.0	0.0	0.0	0.0	0.0
UAB-T1-6_contig.fa_viral_200__full-cat_2	2	False	False	4	0	0	False	0.0	4.0	0.0	0.0	0.0	0.0	0.0
UAB-T1-6_contig.fa_viral_202__full-cat_2	2	False	False	5	1	0	False	0.0	5.0	0.0	0.0	0.0	0.0	0.0
UAB-T1-6_contig.fa_viral_206__full-cat_1	1	False	False	5	3	0	False	0.0	5.0	0.0	0.0	0.0	0.0	0.0
UAB-T1-6_contig.fa_viral_20__full-cat_1	1	False	False	5	0	0	False	0.0	4.0	0.0	0.0	0.0	1.0	0.0
UAB-T1-6_contig.fa_viral_211__full-cat_2	2	False	False	3	1	0	False	0.0	2.0	0.0	1.0	0.0	0.0	0.0
UAB-T1-6_contig.fa_viral_21__full-cat_1	1	False	False	5	0	0	False	0.0	5.0	0.0	0.0	0.0	0.0	0.0
UAB-T1-6_contig.fa_viral_221__full-cat_2	2	False	False	8	1	0	False	0.0	8.0	0.0	0.0	0.0	0.0	0.0
UAB-T1-6_contig.fa_viral_223__full-cat_2	2	False	False	2	0	0	False	0.5	1.0	1.0	0.0	0.0	0.0	0.0
UAB-T1-6_contig.fa_viral_225__full-cat_1	1	False	False	3	0	0	False	0.0	2.0	0.0	0.0	0.0	1.0	0.0
UAB-T1-6_contig.fa_viral_228__full-cat_2	2	False	False	3	0	0	False	0.0	3.0	0.0	0.0	0.0	0.0	0.0
UAB-T1-6_contig.fa_viral_240__full-cat_1	1	False	False	4	2	0	False	0.25	3.0	1.0	0.0	0.0	0.0	0.0
UAB-T1-6_contig.fa_viral_243__full-cat_2	2	False	False	2	0	0	False	0.0	1.0	0.0	0.0	1.0	0.0	0.0
UAB-T1-6_contig.fa_viral_249__full-cat_1	1	False	False	3	0	0	False	0.0	3.0	0.0	0.0	0.0	0.0	0.0
UAB-T1-6_contig.fa_viral_24__full-cat_1	1	False	False	2	0	0	False	0.0	1.0	0.0	0.0	0.0	1.0	0.0
UAB-T1-6_contig.fa_viral_270__full-cat_1	1	False	False	13	1	0	False	0.0	13.0	0.0	0.0	0.0	0.0	0.0
UAB-T1-6_contig.fa_viral_29__full-cat_2	2	False	False	2	0	0	False	0.0	1.0	0.0	1.0	0.0	0.0	0.0
UAB-T1-6_contig.fa_viral_2__full-cat_2	2	False	False	5	1	0	True	0.0	3.0	0.0	2.0	0.0	0.0	0.0
UAB-T1-6_contig.fa_viral_30__full-cat_2	2	False	False	8	2	0	False	0.0	8.0	0.0	0.0	0.0	0.0	0.0
UAB-T1-6_contig.fa_viral_37__full-cat_1	1	False	False	3	0	0	False	0.0	2.0	0.0	0.0	0.0	1.0	0.0
UAB-T1-6_contig.fa_viral_38__full-cat_2	2	False	False	9	1	0	False	0.0	7.0	0.0	0.0	2.0	0.0	0.0
UAB-T1-6_contig.fa_viral_45__full-cat_2	2	False	False	5	2	0	True	0.0	5.0	0.0	0.0	0.0	0.0	0.0
UAB-T1-6_contig.fa_viral_46__full-cat_2	2	False	False	4	0	0	False	0.25	2.0	1.0	0.0	1.0	0.0	0.0
UAB-T1-6_contig.fa_viral_50__full-cat_1	1	False	False	3	0	0	False	0.3333333333333333	2.0	1.0	0.0	0.0	0.0	0.0
UAB-T1-6_contig.fa_viral_56__full-cat_2	2	False	False	9	0	0	False	0.0	9.0	0.0	0.0	0.0	0.0	0.0
UAB-T1-6_contig.fa_viral_68__full-cat_2	2	False	False	3	0	0	False	0.3333333333333333	2.0	1.0	0.0	0.0	0.0	0.0
UAB-T1-6_contig.fa_viral_75__full-cat_2	2	False	False	2	1	0	False	0.0	1.0	0.0	1.0	0.0	0.0	0.0
UAB-T1-6_contig.fa_viral_93__full-cat_2	2	False	False	8	0	0	False	0.0	7.0	0.0	1.0	0.0	0.0	0.0
UAB-T1-9_contig.fa_viral_106__full-cat_1	1	False	False	6	0	0	False	0.0	3.0	0.0	0.0	2.0	1.0	0.0
UAB-T1-9_contig.fa_viral_13__full-cat_2	2	False	False	3	0	0	False	0.0	2.0	0.0	0.0	1.0	0.0	0.0
UAB-T1-9_contig.fa_viral_22__full-cat_2	2	False	False	4	1	0	False	0.0	3.0	0.0	1.0	0.0	0.0	0.0
UAB-T1-9_contig.fa_viral_27__full-cat_2	2	False	False	4	0	0	False	0.25	3.0	1.0	0.0	0.0	0.0	0.0
UAB-T1-9_contig.fa_viral_29__full-cat_2	2	False	False	3	2	0	True	0.0	1.0	0.0	1.0	1.0	0.0	0.0
UAB-T1-9_contig.fa_viral_31__full-cat_1	1	False	False	4	2	0	False	0.25	2.0	1.0	0.0	0.0	1.0	0.0
UAB-T1-9_contig.fa_viral_34__full-cat_2	2	False	False	6	0	0	False	0.0	6.0	0.0	0.0	0.0	0.0	0.0
UAB-T1-9_contig.fa_viral_37__full-cat_2	2	False	False	5	0	0	False	0.0	5.0	0.0	0.0	0.0	0.0	0.0
UAB-T1-9_contig.fa_viral_39__full-cat_2	2	False	False	11	0	0	False	0.0	10.0	0.0	0.0	1.0	0.0	0.0
UAB-T1-9_contig.fa_viral_41__full-cat_2	2	False	False	4	0	0	False	0.0	3.0	0.0	1.0	0.0	0.0	0.0
UAB-T1-9_contig.fa_viral_43__full-cat_1	1	False	False	22	2	0	False	0.045454545454545456	18.0	2.0	1.0	1.0	0.0	0.0
UAB-T1-9_contig.fa_viral_5__full-cat_2	2	False	False	4	0	0	True	0.0	1.0	0.0	2.0	1.0	0.0	0.0
UAB-T1-9_contig.fa_viral_60__full-cat_1	1	False	False	6	0	0	False	0.0	6.0	0.0	0.0	0.0	0.0	0.0
UAB-T1-9_contig.fa_viral_63__full-cat_2	2	False	False	2	0	0	False	0.5	1.0	1.0	0.0	0.0	0.0	0.0
UAB-T1-9_contig.fa_viral_67__full-cat_2	2	False	False	2	0	0	False	0.0	2.0	0.0	0.0	0.0	0.0	0.0
UAB-T1-9_contig.fa_viral_68__full-cat_1	1	False	False	9	0	0	False	0.0	3.0	0.0	0.0	4.0	2.0	0.0
UAB-T1-9_contig.fa_viral_72__full-cat_1	1	False	False	8	1	0	False	0.0	6.0	0.0	0.0	1.0	1.0	0.0
UAB-T1-9_contig.fa_viral_73__full-cat_2	2	False	False	9	0	0	False	0.0	8.0	0.0	0.0	1.0	0.0	0.0
UAB-T1-9_contig.fa_viral_75__full-cat_2	2	False	False	7	2	0	False	0.0	7.0	0.0	0.0	0.0	0.0	0.0
UAB-T1-9_contig.fa_viral_81__full-cat_1	1	False	False	5	0	0	False	0.0	2.0	0.0	0.0	1.0	2.0	0.0
UAB-T1-9_contig.fa_viral_84__full-cat_1	1	False	False	4	0	0	False	0.0	1.0	0.0	0.0	2.0	1.0	0.0
UAB-T1-9_contig.fa_viral_85__full-cat_2	2	False	False	6	0	0	False	0.0	4.0	0.0	0.0	0.0	2.0	0.0
UAB-T1-9_contig.fa_viral_87__full-cat_2	2	False	False	5	0	0	True	0.0	4.0	0.0	1.0	0.0	0.0	0.0
UAB-T1-9_contig.fa_viral_97__full-cat_2	2	False	False	3	2	0	False	0.0	2.0	0.0	1.0	0.0	0.0	0.0
