seq_name	length	topology	coordinates	n_genes	genetic_code	virus_score	fdr	n_hallmarks	marker_enrichment	taxonomy
RC-T1-6_contig.fa_viral_21	7456	No terminal repeats	NA	10	11	0.9821	NA	5	12.7796	Viruses;Duplodnaviria;Heunggongvirae;Uroviricota;Caudoviricetes
RP-T1-3_contig.fa_viral_374	6495	No terminal repeats	NA	10	11	0.9816	NA	6	10.7080	Viruses;Duplodnaviria;Heunggongvirae;Uroviricota;Caudoviricetes
HP-T1-6_contig.fa_viral_266	8053	No terminal repeats	NA	18	11	0.9811	NA	0	11.9212	Viruses;Duplodnaviria;Heunggongvirae;Uroviricota;Caudoviricetes
HP-T1-6_contig.fa_viral_195	4902	No terminal repeats	NA	7	11	0.9810	NA	2	7.9426	Viruses;Duplodnaviria;Heunggongvirae;Uroviricota;Caudoviricetes
HP-T1-9_contig.fa_viral_107	3282	No terminal repeats	NA	5	11	0.9809	NA	0	5.6237	Viruses;Duplodnaviria;Heunggongvirae;Uroviricota;Caudoviricetes
HP-T1-6_contig.fa_viral_201	2083	No terminal repeats	NA	3	11	0.9807	NA	3	5.0647	Viruses;Duplodnaviria;Heunggongvirae;Uroviricota;Caudoviricetes
RP-T1-3_contig.fa_viral_822	7624	No terminal repeats	NA	11	11	0.9806	NA	2	9.4976	Viruses;Duplodnaviria;Heunggongvirae;Uroviricota;Caudoviricetes
RP-T1-6_contig.fa_viral_348	4391	No terminal repeats	NA	4	11	0.9804	NA	1	6.3602	Viruses;Duplodnaviria;Heunggongvirae;Uroviricota;Caudoviricetes
RC-T1-6_contig.fa_viral_29	4262	No terminal repeats	NA	9	11	0.9803	NA	0	8.1543	Viruses;Duplodnaviria;Heunggongvirae;Uroviricota;Caudoviricetes
RP-T1-3_contig.fa_viral_769	10535	No terminal repeats	NA	16	11	0.9803	NA	0	18.9333	Viruses;Duplodnaviria;Heunggongvirae;Uroviricota;Caudoviricetes
HP-T1-9_contig.fa_viral_115	4440	No terminal repeats	NA	5	11	0.9801	NA	1	6.4478	Viruses;Duplodnaviria;Heunggongvirae;Uroviricota;Caudoviricetes
HP-T1-6_contig.fa_viral_52	3317	No terminal repeats	NA	8	11	0.9799	NA	2	12.0280	Viruses;Duplodnaviria;Heunggongvirae;Uroviricota;Caudoviricetes
HP-T1-6_contig.fa_viral_124	3322	No terminal repeats	NA	4	11	0.9799	NA	3	6.8493	Viruses;Duplodnaviria;Heunggongvirae;Uroviricota;Caudoviricetes
HP-T1-6_contig.fa_viral_216	4868	No terminal repeats	NA	8	11	0.9791	NA	2	6.3199	Viruses;Duplodnaviria;Heunggongvirae;Uroviricota;Caudoviricetes
UAB-T1-9_contig.fa_viral_68	4320	No terminal repeats	NA	9	11	0.9791	NA	1	9.8432	Viruses;Duplodnaviria;Heunggongvirae;Uroviricota;Caudoviricetes
HP-T1-6_contig.fa_viral_200	5532	No terminal repeats	NA	9	11	0.9789	NA	3	8.8379	Viruses;Duplodnaviria;Heunggongvirae;Uroviricota;Caudoviricetes
HP-T1-9_contig.fa_viral_112	26307	No terminal repeats	NA	24	11	0.9789	NA	1	14.1932	Viruses;Duplodnaviria;Heunggongvirae;Uroviricota;Caudoviricetes
RP-T1-3_contig.fa_viral_5	6025	No terminal repeats	NA	11	11	0.9788	NA	5	10.6230	Viruses;Duplodnaviria;Heunggongvirae;Uroviricota;Caudoviricetes
SC-T1-3_contig.fa_viral_245	8156	No terminal repeats	NA	11	11	0.9787	NA	5	14.6485	Viruses;Duplodnaviria;Heunggongvirae;Uroviricota;Caudoviricetes
RP-T1-6_contig.fa_viral_94	4093	No terminal repeats	NA	5	11	0.9784	NA	1	6.4074	Viruses;Duplodnaviria;Heunggongvirae;Uroviricota;Caudoviricetes
UAB-T1-9_contig.fa_viral_84	3984	No terminal repeats	NA	4	11	0.9784	NA	2	5.0904	Viruses;Duplodnaviria;Heunggongvirae;Uroviricota;Caudoviricetes
RP-T1-6_contig.fa_viral_142	6400	No terminal repeats	NA	7	11	0.9783	NA	3	7.6184	Viruses;Duplodnaviria;Heunggongvirae;Uroviricota;Caudoviricetes
RP-T1-6_contig.fa_viral_487	7794	No terminal repeats	NA	9	11	0.9781	NA	2	9.5182	Viruses;Duplodnaviria;Heunggongvirae;Uroviricota;Caudoviricetes
HP-T1-9_contig.fa_viral_329	6163	No terminal repeats	NA	6	11	0.9781	NA	0	5.9357	Viruses;Duplodnaviria;Heunggongvirae;Uroviricota;Caudoviricetes
HP-T1-9_contig.fa_viral_333	2535	No terminal repeats	NA	7	11	0.9777	NA	3	8.5914	Viruses;Duplodnaviria;Heunggongvirae;Uroviricota;Caudoviricetes
SC-T1-9_contig.fa_viral_169	6542	No terminal repeats	NA	9	11	0.9772	NA	4	8.7681	Viruses;Duplodnaviria;Heunggongvirae;Uroviricota;Caudoviricetes
RP-T1-3_contig.fa_viral_741	4874	No terminal repeats	NA	7	11	0.9770	NA	0	6.0421	Viruses;Duplodnaviria;Heunggongvirae;Uroviricota;Caudoviricetes
HP-T1-6_contig.fa_viral_209	3084	No terminal repeats	NA	6	11	0.9770	NA	3	4.3197	Viruses;Duplodnaviria;Heunggongvirae;Uroviricota;Caudoviricetes
RP-T1-3_contig.fa_viral_158	4734	No terminal repeats	NA	5	11	0.9769	NA	0	4.6523	Viruses;Duplodnaviria;Heunggongvirae;Uroviricota;Caudoviricetes
RP-T1-3_contig.fa_viral_457	4038	No terminal repeats	NA	4	11	0.9767	NA	3	5.8753	Viruses;Duplodnaviria;Heunggongvirae;Uroviricota;Caudoviricetes
RP-T1-3_contig.fa_viral_45	5226	No terminal repeats	NA	6	11	0.9767	NA	2	6.4329	Viruses;Duplodnaviria;Heunggongvirae;Uroviricota;Caudoviricetes
HP-T1-9_contig.fa_viral_253	5378	No terminal repeats	NA	8	11	0.9767	NA	1	9.9333	Viruses;Duplodnaviria;Heunggongvirae;Uroviricota;Caudoviricetes
HP-T1-6_contig.fa_viral_185	4834	No terminal repeats	NA	7	11	0.9766	NA	2	4.9108	Viruses;Duplodnaviria;Heunggongvirae;Uroviricota;Caudoviricetes
RP-T1-6_contig.fa_viral_237	2314	No terminal repeats	NA	4	11	0.9766	NA	1	4.6116	Viruses;Duplodnaviria;Heunggongvirae;Uroviricota;Caudoviricetes
HP-T1-6_contig.fa_viral_42	41766	No terminal repeats	NA	73	11	0.9764	NA	13	57.9596	Viruses;Duplodnaviria;Heunggongvirae;Uroviricota;Caudoviricetes
HP-T1-9_contig.fa_viral_354	6452	No terminal repeats	NA	7	11	0.9764	NA	5	8.5846	Viruses;Duplodnaviria;Heunggongvirae;Uroviricota;Caudoviricetes
HP-T1-9_contig.fa_viral_17	5055	No terminal repeats	NA	6	11	0.9759	NA	1	4.8732	Viruses;Duplodnaviria;Heunggongvirae;Uroviricota;Caudoviricetes
HP-T1-9_contig.fa_viral_88	3277	No terminal repeats	NA	4	11	0.9757	NA	2	4.8628	Viruses;Duplodnaviria;Heunggongvirae;Uroviricota;Caudoviricetes
RP-T1-6_contig.fa_viral_417	4728	No terminal repeats	NA	9	11	0.9752	NA	0	5.6959	Viruses;Duplodnaviria;Heunggongvirae;Uroviricota;Caudoviricetes
HP-T1-9_contig.fa_viral_299	39635	No terminal repeats	NA	88	11	0.9748	NA	0	25.1320	Viruses;Duplodnaviria;Heunggongvirae;Uroviricota;Caudoviricetes
RP-T1-6_contig.fa_viral_69	19358	No terminal repeats	NA	42	11	0.9748	NA	0	15.5767	Viruses;Duplodnaviria;Heunggongvirae;Uroviricota;Caudoviricetes
RP-T1-6_contig.fa_viral_298	2978	No terminal repeats	NA	4	11	0.9748	NA	0	4.7642	Viruses;Duplodnaviria;Heunggongvirae;Uroviricota;Caudoviricetes
RP-T1-3_contig.fa_viral_570	5462	No terminal repeats	NA	7	11	0.9747	NA	1	6.4040	Viruses;Duplodnaviria;Heunggongvirae;Uroviricota;Caudoviricetes
HP-T1-6_contig.fa_viral_272	12204	No terminal repeats	NA	17	11	0.9746	NA	1	16.1127	Viruses;Duplodnaviria;Heunggongvirae;Uroviricota;Caudoviricetes
SC-T1-3_contig.fa_viral_254	2892	No terminal repeats	NA	6	11	0.9740	NA	0	5.1548	Viruses;Duplodnaviria;Heunggongvirae;Uroviricota;Caudoviricetes
RC-T1-3_contig.fa_viral_88	4292	No terminal repeats	NA	8	11	0.9735	NA	2	4.9398	Viruses;Duplodnaviria;Heunggongvirae;Uroviricota;Caudoviricetes
RP-T1-3_contig.fa_viral_372	3858	No terminal repeats	NA	6	11	0.9732	NA	1	6.8100	Viruses;Duplodnaviria;Heunggongvirae;Uroviricota;Caudoviricetes
RP-T1-6_contig.fa_viral_265	3843	No terminal repeats	NA	3	11	0.9732	NA	1	3.4316	Viruses;Duplodnaviria;Heunggongvirae;Uroviricota;Caudoviricetes;Crassvirales
HP-T1-6_contig.fa_viral_148	3498	No terminal repeats	NA	5	11	0.9731	NA	0	6.6620	Viruses;Duplodnaviria;Heunggongvirae;Uroviricota;Caudoviricetes
HP-T1-9_contig.fa_viral_100	9920	No terminal repeats	NA	16	11	0.9727	NA	3	13.4027	Viruses;Duplodnaviria;Heunggongvirae;Uroviricota;Caudoviricetes
RP-T1-3_contig.fa_viral_739	2244	No terminal repeats	NA	3	11	0.9726	NA	1	4.6126	Viruses;Duplodnaviria;Heunggongvirae;Uroviricota;Caudoviricetes
RP-T1-3_contig.fa_viral_355	3192	No terminal repeats	NA	4	11	0.9725	NA	1	4.3502	Viruses;Duplodnaviria;Heunggongvirae;Uroviricota;Caudoviricetes
HP-T1-6_contig.fa_viral_5	1746	No terminal repeats	NA	3	11	0.9725	NA	2	4.3517	Viruses;Duplodnaviria;Heunggongvirae;Uroviricota;Caudoviricetes
RP-T1-9_contig.fa_viral_49	4000	No terminal repeats	NA	7	11	0.9724	NA	0	6.4920	Viruses;Duplodnaviria;Heunggongvirae;Uroviricota;Caudoviricetes
HP-T1-6_contig.fa_viral_261	1535	No terminal repeats	NA	3	11	0.9722	NA	1	3.1340	Viruses;Duplodnaviria;Heunggongvirae;Uroviricota;Caudoviricetes
HP-T1-6_contig.fa_viral_250	6808	No terminal repeats	NA	7	11	0.9719	NA	3	5.9217	Viruses;Duplodnaviria;Heunggongvirae;Uroviricota;Caudoviricetes
SC-T1-9_contig.fa_viral_190	3984	No terminal repeats	NA	7	11	0.9717	NA	0	4.4347	Viruses;Duplodnaviria;Heunggongvirae;Uroviricota;Caudoviricetes
HP-T1-6_contig.fa_viral_80	3066	No terminal repeats	NA	4	11	0.9716	NA	2	4.2690	Viruses;Duplodnaviria;Heunggongvirae;Uroviricota;Caudoviricetes
HP-T1-9_contig.fa_viral_275	18302	No terminal repeats	NA	20	11	0.9715	NA	2	9.2907	Viruses;Duplodnaviria;Heunggongvirae;Uroviricota;Caudoviricetes
RP-T1-3_contig.fa_viral_84	2515	No terminal repeats	NA	5	11	0.9712	NA	0	4.9667	Viruses;Duplodnaviria;Heunggongvirae;Uroviricota;Caudoviricetes
UAB-T1-6_contig.fa_viral_81	1517	No terminal repeats	NA	2	11	0.9712	NA	1	3.1513	Viruses;Duplodnaviria;Heunggongvirae;Uroviricota;Caudoviricetes
HP-T1-9_contig.fa_viral_174	19465	No terminal repeats	NA	35	11	0.9712	NA	0	10.4997	Viruses;Duplodnaviria;Heunggongvirae;Uroviricota;Caudoviricetes
RP-T1-6_contig.fa_viral_324	3076	No terminal repeats	NA	5	11	0.9709	NA	3	7.3568	Viruses;Duplodnaviria;Heunggongvirae;Uroviricota;Caudoviricetes
RP-T1-3_contig.fa_viral_594	2942	No terminal repeats	NA	6	11	0.9707	NA	2	4.8048	Viruses;Duplodnaviria;Heunggongvirae;Uroviricota;Caudoviricetes
UAB-T1-9_contig.fa_viral_54	1828	No terminal repeats	NA	3	11	0.9704	NA	2	4.8581	Viruses;Duplodnaviria;Heunggongvirae;Uroviricota;Caudoviricetes
RP-T1-6_contig.fa_viral_316	2833	No terminal repeats	NA	9	11	0.9702	NA	0	4.7271	Viruses;Duplodnaviria;Heunggongvirae;Uroviricota;Caudoviricetes
HP-T1-9_contig.fa_viral_239	8631	No terminal repeats	NA	11	11	0.9702	NA	2	8.0789	Viruses;Duplodnaviria;Heunggongvirae;Uroviricota;Caudoviricetes
RP-T1-6_contig.fa_viral_134	6312	No terminal repeats	NA	12	11	0.9700	NA	3	9.3279	Viruses;Duplodnaviria;Heunggongvirae;Uroviricota;Caudoviricetes
RP-T1-3_contig.fa_viral_728	4567	No terminal repeats	NA	10	11	0.9697	NA	2	3.1997	Viruses;Duplodnaviria;Heunggongvirae;Uroviricota;Caudoviricetes
RP-T1-3_contig.fa_viral_507	3576	No terminal repeats	NA	8	11	0.9696	NA	0	3.6130	Viruses;Duplodnaviria;Heunggongvirae;Uroviricota;Caudoviricetes
UAB-T1-6_contig.fa_viral_115	61448	No terminal repeats	NA	78	11	0.9692	NA	15	60.1082	Viruses;Duplodnaviria;Heunggongvirae;Uroviricota;Caudoviricetes
HP-T1-6_contig.fa_viral_183	2059	No terminal repeats	NA	3	11	0.9691	NA	2	4.3122	Viruses;Duplodnaviria;Heunggongvirae;Uroviricota;Caudoviricetes
RP-T1-6_contig.fa_viral_346	2783	No terminal repeats	NA	4	11	0.9686	NA	0	3.4366	Viruses;Duplodnaviria;Heunggongvirae;Uroviricota;Caudoviricetes
RP-T1-3_contig.fa_viral_455	4431	No terminal repeats	NA	11	11	0.9684	NA	1	4.2269	Viruses;Duplodnaviria;Heunggongvirae;Uroviricota;Caudoviricetes;Schitoviridae
RP-T1-3_contig.fa_viral_824	3121	No terminal repeats	NA	5	11	0.9681	NA	0	5.1548	Viruses;Duplodnaviria;Heunggongvirae;Uroviricota;Caudoviricetes
HP-T1-9_contig.fa_viral_74	5566	No terminal repeats	NA	4	11	0.9678	NA	1	4.9971	Viruses;Duplodnaviria;Heunggongvirae;Uroviricota;Caudoviricetes
RP-T1-3_contig.fa_viral_268	41134	No terminal repeats	NA	69	11	0.9677	NA	3	15.8303	Viruses;Duplodnaviria;Heunggongvirae;Uroviricota;Caudoviricetes
HP-T1-9_contig.fa_viral_37	7313	No terminal repeats	NA	8	11	0.9673	NA	2	8.1406	Viruses;Duplodnaviria;Heunggongvirae;Uroviricota;Caudoviricetes
RP-T1-3_contig.fa_viral_524	3312	No terminal repeats	NA	7	11	0.9673	NA	0	3.1624	Viruses;Duplodnaviria;Heunggongvirae;Uroviricota;Caudoviricetes
RP-T1-3_contig.fa_viral_325	2127	No terminal repeats	NA	4	11	0.9672	NA	1	4.9255	Viruses;Duplodnaviria;Heunggongvirae;Uroviricota;Caudoviricetes
RP-T1-3_contig.fa_viral_659	13986	No terminal repeats	NA	34	11	0.9672	NA	0	13.0637	Viruses;Duplodnaviria;Heunggongvirae;Uroviricota;Caudoviricetes
HP-T1-9_contig.fa_viral_211	5077	No terminal repeats	NA	12	11	0.9672	NA	2	8.7601	Viruses;Monodnaviria;Loebvirae;Hofneiviricota;Faserviricetes;Tubulavirales;Inoviridae
RP-T1-6_contig.fa_viral_239	3208	No terminal repeats	NA	4	11	0.9671	NA	0	5.1278	Viruses;Duplodnaviria;Heunggongvirae;Uroviricota;Caudoviricetes
RP-T1-3_contig.fa_viral_87	2165	No terminal repeats	NA	3	11	0.9667	NA	1	4.4913	Viruses;Duplodnaviria;Heunggongvirae;Uroviricota;Caudoviricetes
UAB-T1-9_contig.fa_viral_72	5425	No terminal repeats	NA	8	11	0.9667	NA	2	6.4796	Viruses;Duplodnaviria;Heunggongvirae;Uroviricota;Caudoviricetes
RP-T1-6_contig.fa_viral_468	4102	No terminal repeats	NA	9	11	0.9665	NA	0	7.6661	Viruses;Duplodnaviria;Heunggongvirae;Uroviricota;Caudoviricetes
RC-T1-6_contig.fa_viral_19	3385	No terminal repeats	NA	8	11	0.9664	NA	0	7.2236	Viruses;Duplodnaviria;Heunggongvirae;Uroviricota;Caudoviricetes
RP-T1-6_contig.fa_viral_353	2098	No terminal repeats	NA	6	11	0.9663	NA	2	4.4949	Viruses;Duplodnaviria;Heunggongvirae;Uroviricota;Caudoviricetes
SC-T1-3_contig.fa_provirus_11	12259	No terminal repeats	NA	17	11	0.9663	NA	0	7.3700	Viruses;Duplodnaviria;Heunggongvirae;Uroviricota;Caudoviricetes
HP-T1-9_contig.fa_viral_22	3115	No terminal repeats	NA	5	11	0.9657	NA	2	5.1548	Viruses;Duplodnaviria;Heunggongvirae;Uroviricota;Caudoviricetes
HP-T1-9_contig.fa_viral_285	11318	No terminal repeats	NA	12	11	0.9655	NA	2	4.3648	Viruses;Duplodnaviria;Heunggongvirae;Uroviricota;Caudoviricetes
RP-T1-6_contig.fa_viral_488	9209	No terminal repeats	NA	12	11	0.9654	NA	2	6.0323	Viruses;Duplodnaviria;Heunggongvirae;Uroviricota;Caudoviricetes
HP-T1-6_contig.fa_viral_95	2114	No terminal repeats	NA	3	11	0.9653	NA	1	4.3245	Viruses;Duplodnaviria;Heunggongvirae;Uroviricota;Caudoviricetes
RP-T1-3_contig.fa_viral_148	8312	No terminal repeats	NA	12	11	0.9652	NA	1	3.0732	Viruses;Duplodnaviria;Heunggongvirae;Uroviricota;Caudoviricetes
HP-T1-9_contig.fa_viral_301	4062	No terminal repeats	NA	8	11	0.9652	NA	0	6.4934	Viruses;Duplodnaviria;Heunggongvirae;Uroviricota;Caudoviricetes
RP-T1-3_contig.fa_viral_811	3923	No terminal repeats	NA	6	11	0.9648	NA	0	4.4292	Viruses;Duplodnaviria;Heunggongvirae;Uroviricota;Caudoviricetes
HP-T1-9_contig.fa_viral_57	1943	No terminal repeats	NA	6	11	0.9647	NA	1	5.1548	Viruses;Duplodnaviria;Heunggongvirae;Uroviricota;Caudoviricetes
RP-T1-3_contig.fa_viral_767	2527	No terminal repeats	NA	8	11	0.9646	NA	0	4.3024	Viruses;Duplodnaviria;Heunggongvirae;Uroviricota;Caudoviricetes
SC-T1-3_contig.fa_viral_158	5300	No terminal repeats	NA	1	11	0.9644	NA	0	1.7183	Viruses;Duplodnaviria;Heunggongvirae;Uroviricota;Caudoviricetes
RP-T1-3_contig.fa_viral_605	2118	No terminal repeats	NA	5	11	0.9644	NA	2	4.7489	Viruses;Duplodnaviria;Heunggongvirae;Uroviricota;Caudoviricetes
RP-T1-3_contig.fa_viral_540	2588	No terminal repeats	NA	6	11	0.9643	NA	0	4.5722	Viruses;Duplodnaviria;Heunggongvirae;Uroviricota;Caudoviricetes
RP-T1-3_contig.fa_viral_867	2873	No terminal repeats	NA	6	11	0.9643	NA	0	6.1472	Viruses;Duplodnaviria;Heunggongvirae;Uroviricota;Caudoviricetes
RP-T1-3_contig.fa_viral_724	6888	No terminal repeats	NA	11	11	0.9642	NA	4	5.5290	Viruses;Duplodnaviria;Heunggongvirae;Uroviricota;Caudoviricetes
SC-T1-3_contig.fa_provirus_12	8592	No terminal repeats	NA	11	11	0.9641	NA	5	13.7604	Viruses;Duplodnaviria;Heunggongvirae;Uroviricota;Caudoviricetes
HP-T1-9_contig.fa_viral_76	3444	No terminal repeats	NA	3	11	0.9639	NA	1	3.4366	Viruses;Duplodnaviria;Heunggongvirae;Uroviricota;Caudoviricetes
RP-T1-6_contig.fa_viral_12	4809	No terminal repeats	NA	4	11	0.9638	NA	0	4.7365	Viruses;Duplodnaviria;Heunggongvirae;Uroviricota;Caudoviricetes
RP-T1-6_contig.fa_viral_396	5521	No terminal repeats	NA	10	11	0.9636	NA	1	6.3978	Viruses;Duplodnaviria;Heunggongvirae;Uroviricota;Caudoviricetes
HP-T1-6_contig.fa_viral_214	3377	No terminal repeats	NA	4	11	0.9634	NA	2	3.2063	Viruses;Duplodnaviria;Heunggongvirae;Uroviricota;Caudoviricetes
RP-T1-6_contig.fa_viral_205	6682	No terminal repeats	NA	18	11	0.9630	NA	0	3.4366	Unclassified
SC-T1-3_contig.fa_viral_64	4435	No terminal repeats	NA	7	11	0.9627	NA	1	5.8565	Viruses;Duplodnaviria;Heunggongvirae;Uroviricota;Caudoviricetes
SC-T1-6_contig.fa_viral_62	2358	No terminal repeats	NA	5	11	0.9625	NA	3	5.0572	Viruses;Duplodnaviria;Heunggongvirae;Uroviricota;Caudoviricetes
RP-T1-3_contig.fa_viral_619	2552	No terminal repeats	NA	1	11	0.9624	NA	0	1.7183	Unclassified
HP-T1-6_contig.fa_viral_236	13488	No terminal repeats	NA	24	11	0.9620	NA	0	9.0439	Viruses;Duplodnaviria;Heunggongvirae;Uroviricota;Caudoviricetes
RP-T1-3_contig.fa_viral_816	1702	No terminal repeats	NA	2	11	0.9618	NA	2	2.9165	Viruses;Duplodnaviria;Heunggongvirae;Uroviricota;Caudoviricetes
RP-T1-6_contig.fa_viral_29	4006	No terminal repeats	NA	6	11	0.9615	NA	0	4.7871	Viruses;Duplodnaviria;Heunggongvirae;Uroviricota;Caudoviricetes
HP-T1-9_contig.fa_viral_254	6698	No terminal repeats	NA	14	11	0.9615	NA	0	7.9240	Viruses;Duplodnaviria;Heunggongvirae;Uroviricota;Caudoviricetes
HP-T1-9_contig.fa_viral_276	5264	No terminal repeats	NA	5	11	0.9614	NA	1	6.8020	Viruses;Duplodnaviria;Heunggongvirae;Uroviricota;Caudoviricetes
RP-T1-6_contig.fa_viral_156	5347	No terminal repeats	NA	15	11	0.9614	NA	1	5.6822	Viruses;Duplodnaviria;Heunggongvirae;Uroviricota;Caudoviricetes
RP-T1-3_contig.fa_viral_845	11650	No terminal repeats	NA	10	11	0.9611	NA	1	7.9864	Viruses;Duplodnaviria;Heunggongvirae;Uroviricota;Caudoviricetes
HP-T1-9_contig.fa_viral_180	2966	No terminal repeats	NA	1	11	0.9610	NA	0	1.7183	Viruses;Duplodnaviria;Heunggongvirae;Uroviricota;Caudoviricetes;Kyanoviridae
RP-T1-3_contig.fa_viral_849	2900	No terminal repeats	NA	5	11	0.9604	NA	1	4.5454	Viruses;Duplodnaviria;Heunggongvirae;Uroviricota;Caudoviricetes
RP-T1-3_contig.fa_viral_31	2201	No terminal repeats	NA	2	11	0.9604	NA	1	1.4513	Viruses;Duplodnaviria;Heunggongvirae;Uroviricota;Caudoviricetes
RP-T1-3_contig.fa_viral_359	2699	No terminal repeats	NA	2	11	0.9602	NA	2	3.0667	Viruses;Duplodnaviria;Heunggongvirae;Uroviricota;Caudoviricetes
HP-T1-6_contig.fa_viral_143	4388	No terminal repeats	NA	9	11	0.9597	NA	0	5.4454	Viruses;Duplodnaviria;Heunggongvirae;Uroviricota;Caudoviricetes
HP-T1-6_contig.fa_viral_163	11101	No terminal repeats	NA	15	11	0.9592	NA	2	15.2804	Viruses;Duplodnaviria;Heunggongvirae;Uroviricota;Caudoviricetes
HP-T1-9_contig.fa_viral_234	8871	No terminal repeats	NA	15	11	0.9588	NA	2	4.1277	Viruses;Duplodnaviria;Heunggongvirae;Uroviricota;Caudoviricetes
RP-T1-6_contig.fa_viral_128	4364	No terminal repeats	NA	9	11	0.9588	NA	1	5.1506	Viruses;Duplodnaviria;Heunggongvirae;Uroviricota;Caudoviricetes
RP-T1-6_contig.fa_viral_322	3306	No terminal repeats	NA	3	11	0.9588	NA	1	2.3022	Viruses;Duplodnaviria;Heunggongvirae;Uroviricota;Caudoviricetes
HP-T1-9_contig.fa_viral_149	4793	No terminal repeats	NA	7	11	0.9587	NA	2	6.0808	Viruses;Duplodnaviria;Heunggongvirae;Uroviricota;Caudoviricetes
HP-T1-6_contig.fa_viral_109	2900	No terminal repeats	NA	6	11	0.9582	NA	0	2.9671	Viruses;Duplodnaviria;Heunggongvirae;Uroviricota;Caudoviricetes
RP-T1-3_contig.fa_viral_40	2489	No terminal repeats	NA	1	11	0.9582	NA	1	1.1852	Viruses;Duplodnaviria;Heunggongvirae;Uroviricota;Caudoviricetes
RP-T1-6_contig.fa_viral_118	6863	No terminal repeats	NA	15	11	0.9581	NA	0	1.7183	Viruses;Duplodnaviria;Heunggongvirae;Uroviricota;Caudoviricetes
HP-T1-9_contig.fa_viral_85	7913	No terminal repeats	NA	9	11	0.9571	NA	2	9.2582	Viruses;Duplodnaviria;Heunggongvirae;Uroviricota;Caudoviricetes
8-T1-9_contig.fa_viral_23	25538	No terminal repeats	NA	40	11	0.9571	NA	0	11.2072	Viruses;Duplodnaviria;Heunggongvirae;Uroviricota;Caudoviricetes
HP-T1-9_contig.fa_viral_263	4603	No terminal repeats	NA	6	11	0.9570	NA	1	2.8545	Viruses;Duplodnaviria;Heunggongvirae;Uroviricota;Caudoviricetes
SC-T1-9_contig.fa_viral_185	44033	DTR	NA	73	11	0.9570	NA	7	32.3952	Viruses;Duplodnaviria;Heunggongvirae;Uroviricota;Caudoviricetes
HP-T1-6_contig.fa_viral_86	2005	No terminal repeats	NA	4	11	0.9569	NA	2	4.7223	Viruses;Duplodnaviria;Heunggongvirae;Uroviricota;Caudoviricetes
RP-T1-6_contig.fa_viral_416	6078	No terminal repeats	NA	8	11	0.9566	NA	1	4.8559	Viruses;Duplodnaviria;Heunggongvirae;Uroviricota;Caudoviricetes
HP-T1-9_contig.fa_viral_241	4228	No terminal repeats	NA	10	11	0.9565	NA	0	8.1428	Viruses;Duplodnaviria;Heunggongvirae;Uroviricota;Caudoviricetes
11B-T1-3_contig.fa_viral_1	2207	No terminal repeats	NA	3	11	0.9563	NA	1	3.1038	Viruses;Duplodnaviria;Heunggongvirae;Uroviricota;Caudoviricetes
HP-T1-9_contig.fa_viral_182	5421	No terminal repeats	NA	5	11	0.9560	NA	4	5.6841	Viruses;Duplodnaviria;Heunggongvirae;Uroviricota;Caudoviricetes
RP-T1-6_contig.fa_viral_387	10157	No terminal repeats	NA	20	11	0.9559	NA	0	11.2404	Viruses;Duplodnaviria;Heunggongvirae;Uroviricota;Caudoviricetes
RP-T1-6_contig.fa_viral_437	3206	No terminal repeats	NA	4	11	0.9557	NA	0	3.2555	Viruses;Duplodnaviria;Heunggongvirae;Uroviricota;Caudoviricetes
HP-T1-9_contig.fa_viral_328	5797	No terminal repeats	NA	8	11	0.9557	NA	2	7.7606	Viruses;Duplodnaviria;Heunggongvirae;Uroviricota;Caudoviricetes
HP-T1-9_contig.fa_viral_164	2180	No terminal repeats	NA	3	11	0.9555	NA	3	4.2520	Viruses;Duplodnaviria;Heunggongvirae;Uroviricota;Caudoviricetes
RP-T1-3_contig.fa_viral_644	9231	No terminal repeats	NA	15	11	0.9553	NA	1	4.3571	Viruses;Duplodnaviria;Heunggongvirae;Uroviricota;Caudoviricetes
RC-T1-3_contig.fa_viral_40	9429	No terminal repeats	NA	14	11	0.9553	NA	0	6.3311	Viruses;Duplodnaviria;Heunggongvirae;Uroviricota;Caudoviricetes
RP-T1-3_contig.fa_viral_398	3331	No terminal repeats	NA	6	11	0.9551	NA	0	2.7126	Viruses;Duplodnaviria;Heunggongvirae;Uroviricota;Caudoviricetes
RP-T1-3_contig.fa_viral_419	3945	No terminal repeats	NA	9	11	0.9547	NA	0	3.5655	Viruses;Duplodnaviria;Heunggongvirae;Uroviricota;Caudoviricetes
HP-T1-9_contig.fa_viral_373	1667	No terminal repeats	NA	2	11	0.9543	NA	1	3.4366	Viruses;Duplodnaviria;Heunggongvirae;Uroviricota;Caudoviricetes
HP-T1-9_contig.fa_viral_371	1846	No terminal repeats	NA	2	11	0.9540	NA	2	3.2008	Viruses;Duplodnaviria;Heunggongvirae;Uroviricota;Caudoviricetes
RC-T1-6_contig.fa_viral_46	2948	No terminal repeats	NA	7	11	0.9537	NA	1	3.4366	Viruses;Duplodnaviria;Heunggongvirae;Uroviricota;Caudoviricetes
HP-T1-9_contig.fa_viral_101	13583	No terminal repeats	NA	28	11	0.9537	NA	1	15.4455	Viruses;Duplodnaviria;Heunggongvirae;Uroviricota;Caudoviricetes
UAB-T1-6_contig.fa_viral_6	2066	No terminal repeats	NA	5	11	0.9532	NA	1	5.1311	Viruses;Duplodnaviria;Heunggongvirae;Uroviricota;Caudoviricetes
RP-T1-3_contig.fa_viral_791	14480	No terminal repeats	NA	17	11	0.9532	NA	4	7.2022	Viruses;Duplodnaviria;Heunggongvirae;Uroviricota;Caudoviricetes
8-T1-9_contig.fa_viral_42	3446	No terminal repeats	NA	3	11	0.9529	NA	0	3.2749	Viruses;Duplodnaviria;Heunggongvirae;Uroviricota;Caudoviricetes
RP-T1-3_contig.fa_viral_638	20208	No terminal repeats	NA	27	11	0.9527	NA	0	8.3984	Viruses;Duplodnaviria;Heunggongvirae;Uroviricota;Caudoviricetes
HP-T1-6_contig.fa_viral_300	3188	No terminal repeats	NA	8	11	0.9525	NA	0	4.6265	Viruses;Duplodnaviria;Heunggongvirae;Uroviricota;Caudoviricetes
RP-T1-6_contig.fa_viral_320	4405	No terminal repeats	NA	11	11	0.9524	NA	0	7.1161	Viruses;Duplodnaviria;Heunggongvirae;Uroviricota;Caudoviricetes
RP-T1-3_contig.fa_viral_351	4280	No terminal repeats	NA	1	11	0.9518	NA	1	1.0495	Viruses;Duplodnaviria;Heunggongvirae;Uroviricota;Caudoviricetes
SC-T1-3_contig.fa_viral_164	10864	No terminal repeats	NA	16	11	0.9518	NA	5	17.2380	Viruses;Duplodnaviria;Heunggongvirae;Uroviricota;Caudoviricetes
RP-T1-6_contig.fa_viral_434	3738	No terminal repeats	NA	6	11	0.9513	NA	0	5.1548	Viruses;Duplodnaviria;Heunggongvirae;Uroviricota;Caudoviricetes
RP-T1-6_contig.fa_viral_55	2961	No terminal repeats	NA	5	11	0.9511	NA	0	3.9844	Viruses;Duplodnaviria;Heunggongvirae;Uroviricota;Caudoviricetes
HP-T1-9_contig.fa_viral_40	2958	No terminal repeats	NA	4	11	0.9510	NA	1	5.1407	Viruses;Duplodnaviria;Heunggongvirae;Uroviricota;Caudoviricetes
HP-T1-9_contig.fa_viral_28	4103	No terminal repeats	NA	9	11	0.9504	NA	1	2.7902	Viruses;Duplodnaviria;Heunggongvirae;Uroviricota;Caudoviricetes
RP-T1-6_contig.fa_viral_117	5379	No terminal repeats	NA	3	11	0.9502	NA	0	3.2254	Viruses;Duplodnaviria;Heunggongvirae;Uroviricota;Caudoviricetes
HP-T1-9_contig.fa_viral_273	4851	No terminal repeats	NA	5	11	0.9498	NA	1	2.9181	Viruses;Duplodnaviria;Heunggongvirae;Uroviricota;Caudoviricetes
UAB-T1-9_contig.fa_viral_13	2691	No terminal repeats	NA	3	11	0.9497	NA	0	2.8113	Viruses;Duplodnaviria;Heunggongvirae;Uroviricota;Caudoviricetes
RP-T1-6_contig.fa_viral_486	1869	No terminal repeats	NA	4	11	0.9496	NA	1	2.2109	Viruses;Duplodnaviria;Heunggongvirae;Uroviricota;Caudoviricetes
RP-T1-6_contig.fa_viral_254	2964	No terminal repeats	NA	5	11	0.9495	NA	0	3.4149	Viruses;Duplodnaviria;Heunggongvirae;Uroviricota;Caudoviricetes
RP-T1-3_contig.fa_viral_189	3240	No terminal repeats	NA	2	11	0.9489	NA	1	1.3814	Viruses;Duplodnaviria;Heunggongvirae;Uroviricota;Caudoviricetes
RP-T1-3_contig.fa_viral_48	3155	No terminal repeats	NA	2	11	0.9487	NA	0	1.4559	Viruses;Duplodnaviria;Heunggongvirae;Uroviricota;Caudoviricetes
RP-T1-3_contig.fa_viral_227	2482	No terminal repeats	NA	2	11	0.9485	NA	1	1.3025	Viruses;Duplodnaviria;Heunggongvirae;Uroviricota;Caudoviricetes
RP-T1-6_contig.fa_viral_310	3004	No terminal repeats	NA	2	11	0.9484	NA	0	1.7183	Unclassified
HP-T1-6_contig.fa_viral_293	4420	No terminal repeats	NA	7	11	0.9478	NA	1	8.4455	Viruses;Duplodnaviria;Heunggongvirae;Uroviricota;Caudoviricetes
RP-T1-3_contig.fa_viral_823	1547	No terminal repeats	NA	4	11	0.9467	NA	3	4.1351	Viruses;Duplodnaviria;Heunggongvirae;Uroviricota;Caudoviricetes
RC-T1-3_contig.fa_viral_55	5682	No terminal repeats	NA	1	11	0.9466	NA	0	1.4972	Viruses;Duplodnaviria;Heunggongvirae;Uroviricota;Caudoviricetes
SC-T1-3_contig.fa_viral_5	6078	No terminal repeats	NA	9	11	0.9459	NA	2	9.7218	Viruses;Duplodnaviria;Heunggongvirae;Uroviricota;Caudoviricetes
RP-T1-6_contig.fa_viral_299	4621	No terminal repeats	NA	10	11	0.9457	NA	0	1.7183	Viruses;Duplodnaviria;Heunggongvirae;Uroviricota;Caudoviricetes
RP-T1-3_contig.fa_viral_51	1535	No terminal repeats	NA	2	11	0.9453	NA	2	2.2411	Viruses;Duplodnaviria;Heunggongvirae;Uroviricota;Caudoviricetes
RP-T1-6_contig.fa_viral_439	3729	No terminal repeats	NA	4	11	0.9452	NA	0	1.7183	Viruses;Duplodnaviria;Heunggongvirae;Uroviricota;Caudoviricetes;Crassvirales
HP-T1-9_contig.fa_viral_386	8902	No terminal repeats	NA	19	11	0.9447	NA	0	7.0923	Viruses;Duplodnaviria;Heunggongvirae;Uroviricota;Caudoviricetes
HP-T1-9_contig.fa_viral_52	2347	No terminal repeats	NA	3	11	0.9445	NA	1	4.8761	Viruses;Duplodnaviria;Heunggongvirae;Uroviricota;Caudoviricetes
HP-T1-9_contig.fa_viral_272	4229	No terminal repeats	NA	3	11	0.9443	NA	0	1.7183	Viruses;Duplodnaviria;Heunggongvirae;Uroviricota;Caudoviricetes
Ex45-T1-6_contig.fa_viral_104	2144	No terminal repeats	NA	3	11	0.9437	NA	2	4.5346	Viruses;Duplodnaviria;Heunggongvirae;Uroviricota;Caudoviricetes
RP-T1-3_contig.fa_viral_163	3308	No terminal repeats	NA	6	11	0.9433	NA	1	3.4366	Viruses;Duplodnaviria;Heunggongvirae;Uroviricota;Caudoviricetes
11B-T1-6_contig.fa_viral_14	1787	No terminal repeats	NA	2	11	0.9432	NA	1	2.5688	Viruses;Duplodnaviria;Heunggongvirae;Uroviricota;Caudoviricetes
8-T1-9_contig.fa_viral_37	9975	No terminal repeats	NA	8	11	0.9430	NA	0	3.4366	Viruses;Duplodnaviria;Heunggongvirae;Uroviricota;Caudoviricetes
RP-T1-6_contig.fa_viral_455	2247	No terminal repeats	NA	3	11	0.9423	NA	1	4.7597	Viruses;Duplodnaviria;Heunggongvirae;Uroviricota;Caudoviricetes
RP-T1-3_contig.fa_viral_311	3556	No terminal repeats	NA	8	11	0.9418	NA	0	3.2504	Viruses;Duplodnaviria;Heunggongvirae;Uroviricota;Caudoviricetes
Ex45-T1-9_contig.fa_viral_86	3082	No terminal repeats	NA	3	11	0.9418	NA	0	3.1058	Viruses;Duplodnaviria;Heunggongvirae;Uroviricota;Caudoviricetes
RC-T1-9_contig.fa_viral_44	6756	No terminal repeats	NA	4	11	0.9418	NA	1	4.6208	Viruses;Duplodnaviria;Heunggongvirae;Uroviricota;Caudoviricetes
RP-T1-6_contig.fa_viral_370	3433	No terminal repeats	NA	10	11	0.9418	NA	0	2.4280	Viruses;Duplodnaviria;Heunggongvirae;Uroviricota;Caudoviricetes
UAB-T1-9_contig.fa_viral_39	4029	No terminal repeats	NA	11	11	0.9417	NA	0	5.0251	Viruses;Duplodnaviria;Heunggongvirae;Uroviricota;Caudoviricetes
RP-T1-3_contig.fa_viral_602	2739	No terminal repeats	NA	2	11	0.9413	NA	0	2.6791	Viruses;Duplodnaviria;Heunggongvirae;Uroviricota;Caudoviricetes
HP-T1-9_contig.fa_viral_24	1584	No terminal repeats	NA	2	11	0.9412	NA	2	3.4366	Viruses;Duplodnaviria;Heunggongvirae;Uroviricota;Caudoviricetes
RP-T1-3_contig.fa_viral_561	3744	No terminal repeats	NA	2	11	0.9411	NA	1	2.5019	Viruses;Duplodnaviria;Heunggongvirae;Uroviricota;Caudoviricetes
RP-T1-9_contig.fa_viral_81	2135	No terminal repeats	NA	2	11	0.9410	NA	1	2.8283	Viruses;Duplodnaviria;Heunggongvirae;Uroviricota;Caudoviricetes
HP-T1-9_contig.fa_viral_143	1706	No terminal repeats	NA	3	11	0.9407	NA	1	2.8661	Viruses;Duplodnaviria;Heunggongvirae;Uroviricota;Caudoviricetes
RP-T1-6_contig.fa_viral_444	6699	No terminal repeats	NA	13	11	0.9406	NA	0	3.3765	Viruses;Duplodnaviria;Heunggongvirae;Uroviricota;Caudoviricetes
HP-T1-6_contig.fa_viral_247	2452	No terminal repeats	NA	5	11	0.9406	NA	1	2.8943	Viruses;Duplodnaviria;Heunggongvirae;Uroviricota;Caudoviricetes
HP-T1-9_contig.fa_viral_32	4488	No terminal repeats	NA	10	11	0.9397	NA	0	7.9300	Viruses;Duplodnaviria;Heunggongvirae;Uroviricota;Caudoviricetes
RP-T1-6_contig.fa_viral_276	1666	No terminal repeats	NA	5	11	0.9396	NA	1	3.1101	Viruses;Duplodnaviria;Heunggongvirae;Uroviricota;Caudoviricetes
HP-T1-6_contig.fa_viral_194	20344	No terminal repeats	NA	22	11	0.9395	NA	3	23.3083	Viruses;Duplodnaviria;Heunggongvirae;Uroviricota;Caudoviricetes
HP-T1-6_contig.fa_viral_2	2658	No terminal repeats	NA	3	11	0.9392	NA	0	2.8506	Viruses;Duplodnaviria;Heunggongvirae;Uroviricota;Caudoviricetes
HP-T1-6_contig.fa_viral_249	14943	No terminal repeats	NA	20	11	0.9391	NA	2	12.6874	Viruses;Duplodnaviria;Heunggongvirae;Uroviricota;Caudoviricetes
HP-T1-9_contig.fa_viral_308	6390	No terminal repeats	NA	9	11	0.9391	NA	0	1.7183	Viruses;Duplodnaviria;Heunggongvirae;Uroviricota;Caudoviricetes;Schitoviridae
RP-T1-3_contig.fa_viral_554	2946	No terminal repeats	NA	5	11	0.9390	NA	0	3.1169	Viruses;Duplodnaviria;Heunggongvirae;Uroviricota;Caudoviricetes
RP-T1-3_contig.fa_viral_215	3254	No terminal repeats	NA	2	11	0.9388	NA	2	2.4188	Viruses;Duplodnaviria;Heunggongvirae;Uroviricota;Caudoviricetes
HP-T1-9_contig.fa_viral_252	17178	No terminal repeats	NA	32	11	0.9388	NA	0	6.7645	Viruses;Duplodnaviria;Heunggongvirae;Uroviricota;Caudoviricetes
HP-T1-9_contig.fa_viral_189	3068	No terminal repeats	NA	7	11	0.9379	NA	1	3.4335	Viruses;Duplodnaviria;Heunggongvirae;Uroviricota;Caudoviricetes
RP-T1-3_contig.fa_viral_600	8540	No terminal repeats	NA	15	11	0.9379	NA	7	14.0084	Viruses;Duplodnaviria;Heunggongvirae;Uroviricota;Caudoviricetes
HP-T1-9_contig.fa_viral_27	20222	No terminal repeats	NA	24	11	0.9378	NA	3	14.5223	Viruses;Duplodnaviria;Heunggongvirae;Uroviricota;Caudoviricetes
RP-T1-6_contig.fa_viral_373	3456	No terminal repeats	NA	7	11	0.9378	NA	0	3.0824	Viruses;Duplodnaviria;Heunggongvirae;Uroviricota;Caudoviricetes
HP-T1-9_contig.fa_viral_225	2265	No terminal repeats	NA	4	11	0.9375	NA	1	4.7082	Viruses;Duplodnaviria;Heunggongvirae;Uroviricota;Caudoviricetes
RP-T1-6_contig.fa_viral_172	2479	No terminal repeats	NA	4	11	0.9370	NA	1	3.4342	Viruses;Duplodnaviria;Heunggongvirae;Uroviricota;Caudoviricetes
RP-T1-3_contig.fa_viral_12	2795	No terminal repeats	NA	2	11	0.9370	NA	0	1.5138	Viruses;Duplodnaviria;Heunggongvirae;Uroviricota;Caudoviricetes
SC-T1-3_contig.fa_viral_202	7385	No terminal repeats	NA	13	11	0.9370	NA	2	5.1430	Viruses;Duplodnaviria;Heunggongvirae;Uroviricota;Caudoviricetes
HP-T1-9_contig.fa_viral_42	4988	No terminal repeats	NA	7	11	0.9368	NA	1	5.7027	Viruses;Duplodnaviria;Heunggongvirae;Uroviricota;Caudoviricetes
Ex45-T1-6_contig.fa_viral_109	2355	No terminal repeats	NA	3	11	0.9368	NA	2	3.4351	Viruses;Duplodnaviria;Heunggongvirae;Uroviricota;Caudoviricetes
RP-T1-3_contig.fa_viral_538	3257	No terminal repeats	NA	5	11	0.9364	NA	1	1.7925	Viruses;Duplodnaviria;Heunggongvirae;Uroviricota;Caudoviricetes
RP-T1-6_contig.fa_viral_397	2916	No terminal repeats	NA	10	11	0.9360	NA	0	1.7183	Viruses;Duplodnaviria;Heunggongvirae;Uroviricota;Caudoviricetes
RP-T1-3_contig.fa_viral_341	5430	No terminal repeats	NA	9	11	0.9360	NA	1	5.6465	Viruses;Duplodnaviria;Heunggongvirae;Uroviricota;Caudoviricetes;Herelleviridae
HP-T1-9_contig.fa_viral_9	8962	No terminal repeats	NA	10	11	0.9359	NA	0	4.6735	Viruses;Duplodnaviria;Heunggongvirae;Uroviricota;Caudoviricetes
SC-T1-3_contig.fa_viral_50	4446	No terminal repeats	NA	7	11	0.9358	NA	0	1.4087	Viruses;Duplodnaviria;Heunggongvirae;Uroviricota;Caudoviricetes
HP-T1-9_contig.fa_viral_70	2327	No terminal repeats	NA	6	11	0.9351	NA	1	4.3311	Viruses;Duplodnaviria;Heunggongvirae;Uroviricota;Caudoviricetes
HP-T1-6_contig.fa_viral_239	1588	No terminal repeats	NA	2	11	0.9351	NA	1	3.4279	Viruses;Duplodnaviria;Heunggongvirae;Uroviricota;Caudoviricetes
RP-T1-3_contig.fa_viral_27	2606	No terminal repeats	NA	1	11	0.9347	NA	0	1.7183	Viruses;Duplodnaviria;Heunggongvirae;Uroviricota;Caudoviricetes;Crassvirales
HP-T1-9_contig.fa_viral_103	4972	No terminal repeats	NA	5	11	0.9331	NA	1	2.0519	Viruses;Duplodnaviria;Heunggongvirae;Uroviricota;Caudoviricetes
SC-T1-6_contig.fa_viral_167	3873	No terminal repeats	NA	2	11	0.9323	NA	0	2.5069	Viruses;Duplodnaviria;Heunggongvirae;Uroviricota;Caudoviricetes
RP-T1-3_contig.fa_viral_604	4298	No terminal repeats	NA	12	11	0.9317	NA	0	1.7183	Unclassified
RP-T1-6_contig.fa_viral_248	2315	No terminal repeats	NA	4	11	0.9314	NA	1	5.1356	Viruses;Duplodnaviria;Heunggongvirae;Uroviricota;Caudoviricetes
RP-T1-3_contig.fa_viral_373	5691	No terminal repeats	NA	10	11	0.9314	NA	1	7.8903	Viruses;Duplodnaviria;Heunggongvirae;Uroviricota;Caudoviricetes
SC-T1-6_contig.fa_viral_184	4459	No terminal repeats	NA	3	11	0.9309	NA	3	4.5178	Viruses;Duplodnaviria;Heunggongvirae;Uroviricota;Caudoviricetes
HP-T1-6_contig.fa_viral_21	3285	No terminal repeats	NA	7	11	0.9298	NA	0	3.1934	Viruses;Duplodnaviria;Heunggongvirae;Uroviricota;Caudoviricetes
HP-T1-9_contig.fa_viral_318|provirus_22767_32220	9454	Provirus	22767-32220	19	11	0.9286	NA	0	7.3181	Viruses;Duplodnaviria;Heunggongvirae;Uroviricota;Caudoviricetes
UAB-T1-9_contig.fa_viral_73	3007	No terminal repeats	NA	9	11	0.9286	NA	0	4.3053	Viruses;Duplodnaviria;Heunggongvirae;Uroviricota;Caudoviricetes
RP-T1-3_contig.fa_viral_137	5897	No terminal repeats	NA	12	11	0.9269	NA	0	2.2145	Viruses;Duplodnaviria;Heunggongvirae;Uroviricota;Caudoviricetes
HP-T1-9_contig.fa_viral_249	5731	No terminal repeats	NA	6	11	0.9268	NA	1	3.4156	Viruses;Duplodnaviria;Heunggongvirae;Uroviricota;Caudoviricetes
UAB-T1-6_contig.fa_viral_136	3285	No terminal repeats	NA	4	11	0.9267	NA	1	2.6981	Viruses;Duplodnaviria;Heunggongvirae;Uroviricota;Caudoviricetes
RP-T1-6_contig.fa_viral_482	4096	No terminal repeats	NA	2	11	0.9265	NA	1	2.4798	Viruses;Duplodnaviria;Heunggongvirae;Uroviricota;Caudoviricetes
RP-T1-6_contig.fa_viral_426	3028	No terminal repeats	NA	6	11	0.9263	NA	1	3.4366	Viruses;Duplodnaviria;Heunggongvirae;Uroviricota;Caudoviricetes
HP-T1-9_contig.fa_viral_173	2777	No terminal repeats	NA	4	11	0.9263	NA	0	4.7010	Unclassified
RP-T1-9_contig.fa_viral_143	2560	No terminal repeats	NA	8	11	0.9245	NA	1	1.7183	Viruses;Duplodnaviria;Heunggongvirae;Uroviricota;Caudoviricetes
SC-T1-3_contig.fa_viral_281	4025	No terminal repeats	NA	7	11	0.9241	NA	1	1.4208	Viruses;Duplodnaviria;Heunggongvirae;Uroviricota;Caudoviricetes
HP-T1-9_contig.fa_viral_20	6439	No terminal repeats	NA	5	11	0.9240	NA	0	1.7183	Viruses;Duplodnaviria;Heunggongvirae;Uroviricota;Caudoviricetes
HP-T1-9_contig.fa_viral_48	8526	No terminal repeats	NA	13	11	0.9229	NA	3	7.3510	Viruses;Duplodnaviria;Heunggongvirae;Uroviricota;Caudoviricetes
HP-T1-9_contig.fa_viral_47	2310	No terminal repeats	NA	6	11	0.9226	NA	1	3.4366	Viruses;Duplodnaviria;Heunggongvirae;Uroviricota;Caudoviricetes
HP-T1-6_contig.fa_viral_225	2977	No terminal repeats	NA	6	11	0.9209	NA	0	2.9843	Viruses;Duplodnaviria;Heunggongvirae;Uroviricota;Caudoviricetes
HP-T1-6_contig.fa_viral_74	4113	No terminal repeats	NA	1	11	0.9202	NA	1	1.2737	Viruses;Duplodnaviria;Heunggongvirae;Uroviricota;Caudoviricetes
HP-T1-9_contig.fa_provirus_5	3642	No terminal repeats	NA	2	11	0.9200	NA	1	3.4076	Viruses;Duplodnaviria;Heunggongvirae;Uroviricota;Caudoviricetes
RP-T1-3_contig.fa_viral_481	5485	No terminal repeats	NA	12	11	0.9199	NA	0	4.7213	Viruses;Duplodnaviria;Heunggongvirae;Uroviricota;Caudoviricetes
HP-T1-9_contig.fa_viral_176	2587	No terminal repeats	NA	7	11	0.9198	NA	4	6.8207	Viruses;Duplodnaviria;Heunggongvirae;Uroviricota;Caudoviricetes
RP-T1-3_contig.fa_viral_534	1501	No terminal repeats	NA	2	11	0.9182	NA	1	1.7183	Viruses;Duplodnaviria;Heunggongvirae;Uroviricota;Caudoviricetes
RP-T1-6_contig.fa_viral_185	8931	No terminal repeats	NA	21	11	0.9180	NA	0	4.4989	Viruses;Duplodnaviria;Heunggongvirae;Uroviricota;Caudoviricetes
UAB-T1-9_contig.fa_viral_106	5921	No terminal repeats	NA	6	11	0.9172	NA	2	7.3425	Viruses;Duplodnaviria;Heunggongvirae;Uroviricota;Caudoviricetes
RC-T1-3_contig.fa_viral_23	3284	No terminal repeats	NA	12	11	0.9169	NA	0	2.3220	Viruses;Duplodnaviria;Heunggongvirae;Uroviricota;Caudoviricetes
HP-T1-9_contig.fa_viral_175	2901	No terminal repeats	NA	7	11	0.9161	NA	0	2.8569	Viruses;Duplodnaviria;Heunggongvirae;Uroviricota;Caudoviricetes
RP-T1-6_contig.fa_viral_332	2548	No terminal repeats	NA	2	11	0.9158	NA	2	3.2276	Viruses;Duplodnaviria;Heunggongvirae;Uroviricota;Caudoviricetes
RP-T1-6_contig.fa_viral_179	3024	No terminal repeats	NA	5	11	0.9148	NA	0	2.9996	Viruses;Duplodnaviria;Heunggongvirae;Uroviricota;Caudoviricetes
RP-T1-6_contig.fa_viral_270	5104	No terminal repeats	NA	7	11	0.9147	NA	3	8.2270	Viruses;Duplodnaviria;Heunggongvirae;Uroviricota;Caudoviricetes
RP-T1-6_contig.fa_viral_358	1754	No terminal repeats	NA	3	11	0.9140	NA	1	1.7183	Viruses;Duplodnaviria;Heunggongvirae;Uroviricota;Caudoviricetes
RP-T1-3_contig.fa_viral_315	15275	No terminal repeats	NA	19	11	0.9139	NA	3	9.1056	Viruses;Duplodnaviria;Heunggongvirae;Uroviricota;Caudoviricetes
RP-T1-3_contig.fa_viral_755	4226	No terminal repeats	NA	9	11	0.9129	NA	1	3.0541	Viruses;Duplodnaviria;Heunggongvirae;Uroviricota;Caudoviricetes
UAB-T1-9_contig.fa_viral_32	2025	No terminal repeats	NA	3	11	0.9129	NA	1	3.0749	Viruses;Duplodnaviria;Heunggongvirae;Uroviricota;Caudoviricetes
HP-T1-6_contig.fa_viral_235	2593	No terminal repeats	NA	5	11	0.9126	NA	0	1.7183	Viruses;Duplodnaviria;Heunggongvirae;Uroviricota;Caudoviricetes
RP-T1-3_contig.fa_viral_553	1687	No terminal repeats	NA	4	11	0.9125	NA	1	1.4563	Viruses;Duplodnaviria;Heunggongvirae;Uroviricota;Caudoviricetes
RP-T1-6_contig.fa_viral_91	9619	No terminal repeats	NA	13	11	0.9105	NA	4	9.1220	Viruses;Duplodnaviria;Heunggongvirae;Uroviricota;Caudoviricetes
HP-T1-6_contig.fa_viral_265	3062	No terminal repeats	NA	2	11	0.9104	NA	0	1.5353	Viruses;Duplodnaviria;Heunggongvirae;Uroviricota;Caudoviricetes
RP-T1-6_contig.fa_viral_355	2918	No terminal repeats	NA	7	11	0.9103	NA	0	1.9964	Viruses;Duplodnaviria;Heunggongvirae;Uroviricota;Caudoviricetes
RC-T1-6_contig.fa_viral_18	5322	No terminal repeats	NA	12	11	0.9102	NA	0	3.3112	Viruses;Duplodnaviria;Heunggongvirae;Uroviricota;Caudoviricetes
RP-T1-6_contig.fa_viral_52	3287	No terminal repeats	NA	7	11	0.9091	NA	0	1.4663	Viruses;Duplodnaviria;Heunggongvirae;Uroviricota;Caudoviricetes
HP-T1-9_contig.fa_viral_200	3836	No terminal repeats	NA	5	11	0.9080	NA	1	4.7387	Viruses;Duplodnaviria;Heunggongvirae;Uroviricota;Caudoviricetes
11B-T1-6_contig.fa_viral_12	4625	No terminal repeats	NA	3	11	0.9078	NA	0	2.3888	Viruses;Duplodnaviria;Heunggongvirae;Uroviricota;Caudoviricetes
SC-T1-3_contig.fa_viral_290	3056	No terminal repeats	NA	8	11	0.9074	NA	0	4.5163	Viruses;Duplodnaviria;Heunggongvirae;Uroviricota;Caudoviricetes
RP-T1-6_contig.fa_viral_51	3763	No terminal repeats	NA	4	11	0.9073	NA	0	1.7183	Viruses;Duplodnaviria;Heunggongvirae;Uroviricota;Caudoviricetes
SC-T1-3_contig.fa_viral_112	1559	No terminal repeats	NA	2	11	0.9067	NA	2	2.6837	Viruses;Duplodnaviria;Heunggongvirae;Uroviricota;Caudoviricetes
SC-T1-3_contig.fa_viral_141	5622	No terminal repeats	NA	9	11	0.9065	NA	1	5.6513	Viruses;Duplodnaviria;Heunggongvirae;Uroviricota;Caudoviricetes
SC-T1-3_contig.fa_viral_98	3376	No terminal repeats	NA	9	11	0.9055	NA	0	1.7183	Viruses;Duplodnaviria;Heunggongvirae;Uroviricota;Caudoviricetes
HP-T1-9_contig.fa_viral_396	2955	No terminal repeats	NA	2	11	0.9053	NA	0	1.5563	Viruses;Duplodnaviria;Heunggongvirae;Uroviricota;Caudoviricetes
RP-T1-3_contig.fa_viral_786	4766	No terminal repeats	NA	11	11	0.9046	NA	0	3.4366	Unclassified
HP-T1-9_contig.fa_viral_154	3626	No terminal repeats	NA	7	11	0.9043	NA	0	3.4148	Viruses;Duplodnaviria;Heunggongvirae;Uroviricota;Caudoviricetes
HP-T1-6_contig.fa_viral_215	2859	No terminal repeats	NA	7	11	0.9043	NA	1	4.6751	Viruses;Duplodnaviria;Heunggongvirae;Uroviricota;Caudoviricetes
RP-T1-6_contig.fa_viral_144	1563	No terminal repeats	NA	2	11	0.9042	NA	2	3.2688	Viruses;Duplodnaviria;Heunggongvirae;Uroviricota;Caudoviricetes
UAB-T1-9_contig.fa_viral_81	3534	No terminal repeats	NA	5	11	0.9026	NA	3	4.2132	Viruses;Duplodnaviria;Heunggongvirae;Uroviricota;Caudoviricetes
HP-T1-9_contig.fa_viral_236	6600	No terminal repeats	NA	19	11	0.9024	NA	0	1.3198	Viruses;Duplodnaviria;Heunggongvirae;Uroviricota;Caudoviricetes
HP-T1-6_contig.fa_viral_147	4923	No terminal repeats	NA	6	11	0.9017	NA	0	4.8302	Viruses;Duplodnaviria;Heunggongvirae;Uroviricota;Caudoviricetes
HP-T1-6_contig.fa_viral_43	2448	No terminal repeats	NA	6	11	0.9015	NA	1	4.3311	Viruses;Duplodnaviria;Heunggongvirae;Uroviricota;Caudoviricetes
RP-T1-3_contig.fa_viral_108	3152	No terminal repeats	NA	4	11	0.9014	NA	0	1.3850	Viruses;Duplodnaviria;Heunggongvirae;Uroviricota;Caudoviricetes
HP-T1-6_contig.fa_viral_227	8846	No terminal repeats	NA	8	11	0.9009	NA	2	5.4217	Viruses;Duplodnaviria;Heunggongvirae;Uroviricota;Caudoviricetes
RP-T1-3_contig.fa_viral_55	1826	No terminal repeats	NA	3	11	0.9003	NA	1	1.5728	Unclassified
HP-T1-9_contig.fa_viral_335	4544	No terminal repeats	NA	8	11	0.8998	NA	1	4.5416	Viruses;Duplodnaviria;Heunggongvirae;Uroviricota;Caudoviricetes
RP-T1-3_contig.fa_viral_383	3344	No terminal repeats	NA	2	11	0.8998	NA	1	1.7152	Viruses;Duplodnaviria;Heunggongvirae;Uroviricota;Caudoviricetes
HP-T1-9_contig.fa_viral_75	1642	No terminal repeats	NA	2	11	0.8995	NA	1	3.0663	Viruses;Duplodnaviria;Heunggongvirae;Uroviricota;Caudoviricetes
RC-T1-6_contig.fa_viral_33	2329	No terminal repeats	NA	5	11	0.8983	NA	1	3.2479	Viruses;Duplodnaviria;Heunggongvirae;Uroviricota;Caudoviricetes
RP-T1-6_contig.fa_viral_165	3105	No terminal repeats	NA	8	11	0.8964	NA	1	4.6004	Viruses;Duplodnaviria;Heunggongvirae;Uroviricota;Caudoviricetes
RC-T1-3_contig.fa_viral_6	2164	No terminal repeats	NA	5	11	0.8964	NA	1	3.3464	Viruses;Duplodnaviria;Heunggongvirae;Uroviricota;Caudoviricetes
HP-T1-9_contig.fa_viral_11	2767	No terminal repeats	NA	8	11	0.8960	NA	1	2.3952	Viruses;Duplodnaviria;Heunggongvirae;Uroviricota;Caudoviricetes
RP-T1-6_contig.fa_viral_297	4352	No terminal repeats	NA	4	11	0.8958	NA	0	4.3053	Viruses;Duplodnaviria;Heunggongvirae;Uroviricota;Caudoviricetes
RP-T1-3_contig.fa_viral_286	2407	No terminal repeats	NA	3	11	0.8957	NA	1	2.4161	Viruses;Duplodnaviria;Heunggongvirae;Uroviricota;Caudoviricetes
RC-T1-3_contig.fa_viral_13	17125	No terminal repeats	NA	23	11	0.8952	NA	0	7.5939	Viruses;Duplodnaviria;Heunggongvirae;Uroviricota;Caudoviricetes
RP-T1-6_contig.fa_viral_109	3590	No terminal repeats	NA	5	11	0.8950	NA	1	2.9608	Viruses;Duplodnaviria;Heunggongvirae;Uroviricota;Caudoviricetes
RP-T1-6_contig.fa_viral_141	3468	No terminal repeats	NA	5	11	0.8946	NA	0	1.7135	Viruses;Duplodnaviria;Heunggongvirae;Uroviricota;Caudoviricetes
HP-T1-6_contig.fa_viral_32	3038	No terminal repeats	NA	5	11	0.8945	NA	1	4.9084	Viruses;Duplodnaviria;Heunggongvirae;Uroviricota;Caudoviricetes
RP-T1-3_contig.fa_viral_197	3026	No terminal repeats	NA	10	11	0.8934	NA	0	1.6441	Viruses;Duplodnaviria;Heunggongvirae;Uroviricota;Caudoviricetes
RP-T1-6_contig.fa_viral_280	2753	No terminal repeats	NA	4	11	0.8924	NA	0	2.5168	Viruses;Duplodnaviria;Heunggongvirae;Uroviricota;Caudoviricetes
HP-T1-9_contig.fa_viral_353	3497	No terminal repeats	NA	7	11	0.8921	NA	0	3.4366	Viruses;Duplodnaviria;Heunggongvirae;Uroviricota;Caudoviricetes
8-T1-9_contig.fa_viral_34	4209	No terminal repeats	NA	3	11	0.8916	NA	1	1.7183	Viruses;Duplodnaviria;Heunggongvirae;Uroviricota;Caudoviricetes
RP-T1-3_contig.fa_viral_718	2601	No terminal repeats	NA	5	11	0.8914	NA	0	1.3707	Viruses;Duplodnaviria;Heunggongvirae;Uroviricota;Caudoviricetes
RP-T1-3_contig.fa_viral_495	1659	No terminal repeats	NA	1	11	0.8913	NA	1	1.3307	Viruses;Duplodnaviria;Heunggongvirae;Uroviricota;Caudoviricetes
RP-T1-6_contig.fa_viral_339	5561	No terminal repeats	NA	6	11	0.8907	NA	0	2.1228	Viruses;Duplodnaviria;Heunggongvirae;Uroviricota;Caudoviricetes
SC-T1-3_contig.fa_viral_160	3336	No terminal repeats	NA	5	11	0.8907	NA	0	1.6677	Viruses;Duplodnaviria;Heunggongvirae;Uroviricota;Caudoviricetes
HP-T1-6_contig.fa_provirus_6	1601	No terminal repeats	NA	3	11	0.8903	NA	2	2.9539	Viruses;Duplodnaviria;Heunggongvirae;Uroviricota;Caudoviricetes
SC-T1-9_contig.fa_provirus_1	189	No terminal repeats	NA	1	11	0.8901	NA	1	1.0569	Viruses;Duplodnaviria;Heunggongvirae;Uroviricota;Caudoviricetes
HP-T1-9_contig.fa_viral_257	2221	No terminal repeats	NA	2	11	0.8889	NA	2	2.8621	Viruses;Duplodnaviria;Heunggongvirae;Uroviricota;Caudoviricetes
SC-T1-3_contig.fa_viral_270	1730	No terminal repeats	NA	4	11	0.8870	NA	1	3.0255	Viruses;Duplodnaviria;Heunggongvirae;Uroviricota;Caudoviricetes
RC-T1-9_contig.fa_viral_104	49358	DTR	NA	55	11	0.8859	NA	5	21.5323	Viruses;Duplodnaviria;Heunggongvirae;Uroviricota;Caudoviricetes
RC-T1-3_contig.fa_viral_34	13773	No terminal repeats	NA	18	11	0.8858	NA	0	4.9936	Viruses;Duplodnaviria;Heunggongvirae;Uroviricota;Caudoviricetes
RP-T1-3_contig.fa_viral_175	2802	No terminal repeats	NA	4	11	0.8832	NA	2	4.2605	Viruses;Duplodnaviria;Heunggongvirae;Uroviricota;Caudoviricetes
RP-T1-6_contig.fa_viral_273	2267	No terminal repeats	NA	3	11	0.8829	NA	1	5.1318	Viruses;Duplodnaviria;Heunggongvirae;Uroviricota;Caudoviricetes
RP-T1-6_contig.fa_viral_351	1543	No terminal repeats	NA	3	11	0.8828	NA	1	3.0490	Viruses;Duplodnaviria;Heunggongvirae;Uroviricota;Caudoviricetes
HP-T1-6_contig.fa_viral_47	23787	No terminal repeats	NA	42	11	0.8820	NA	1	9.9870	Viruses;Duplodnaviria;Heunggongvirae;Uroviricota;Caudoviricetes
RP-T1-3_contig.fa_viral_1	1877	No terminal repeats	NA	4	11	0.8799	NA	1	3.4366	Unclassified
SC-T1-9_contig.fa_viral_14	3319	No terminal repeats	NA	11	11	0.8799	NA	0	2.9409	Viruses;Duplodnaviria;Heunggongvirae;Uroviricota;Caudoviricetes
RP-T1-3_contig.fa_viral_502	3262	No terminal repeats	NA	11	11	0.8784	NA	0	1.1860	Viruses;Duplodnaviria;Heunggongvirae;Uroviricota;Caudoviricetes;Mesyanzhinovviridae
SC-T1-6_contig.fa_viral_231	1840	No terminal repeats	NA	1	11	0.8783	NA	1	1.7183	Viruses;Duplodnaviria;Heunggongvirae;Uroviricota;Caudoviricetes
RP-T1-3_contig.fa_viral_657	1936	No terminal repeats	NA	4	11	0.8770	NA	2	3.3808	Viruses;Duplodnaviria;Heunggongvirae;Uroviricota;Caudoviricetes;Demerecviridae
HP-T1-6_contig.fa_viral_82	2368	No terminal repeats	NA	3	11	0.8768	NA	1	3.0467	Viruses;Duplodnaviria;Heunggongvirae;Uroviricota;Caudoviricetes
SC-T1-3_contig.fa_viral_165	5360	No terminal repeats	NA	7	11	0.8767	NA	0	2.9130	Viruses;Duplodnaviria;Heunggongvirae;Uroviricota;Caudoviricetes
RP-T1-9_contig.fa_viral_108	2488	No terminal repeats	NA	4	11	0.8755	NA	1	3.4342	Viruses;Duplodnaviria;Heunggongvirae;Uroviricota;Caudoviricetes
HP-T1-3_contig.fa_provirus_3	199	No terminal repeats	NA	1	11	0.8751	NA	1	1.4506	Viruses;Duplodnaviria;Heunggongvirae;Uroviricota;Caudoviricetes
RP-T1-3_contig.fa_viral_449	4706	No terminal repeats	NA	8	11	0.8741	NA	2	3.6770	Viruses;Duplodnaviria;Heunggongvirae;Uroviricota;Caudoviricetes
RP-T1-6_contig.fa_provirus_12	4162	No terminal repeats	NA	5	11	0.8738	NA	2	5.3685	Viruses;Duplodnaviria;Heunggongvirae;Uroviricota;Caudoviricetes
HP-T1-9_contig.fa_viral_82	3804	No terminal repeats	NA	10	11	0.8737	NA	0	1.7183	Viruses;Duplodnaviria;Heunggongvirae;Uroviricota;Caudoviricetes
HP-T1-9_contig.fa_viral_324	3679	No terminal repeats	NA	6	11	0.8734	NA	0	2.4774	Viruses;Duplodnaviria;Heunggongvirae;Uroviricota;Caudoviricetes
UAB-T1-3_contig.fa_viral_10	2707	No terminal repeats	NA	5	11	0.8732	NA	3	4.0976	Viruses;Duplodnaviria;Heunggongvirae;Uroviricota;Caudoviricetes
UAB-T1-9_contig.fa_viral_34	3451	No terminal repeats	NA	6	11	0.8721	NA	0	1.7183	Unclassified
RP-T1-3_contig.fa_viral_195	2370	No terminal repeats	NA	4	11	0.8721	NA	1	2.6742	Viruses;Duplodnaviria;Heunggongvirae;Uroviricota;Caudoviricetes
RP-T1-6_contig.fa_provirus_19	2801	No terminal repeats	NA	5	11	0.8703	NA	3	4.3686	Viruses;Duplodnaviria;Heunggongvirae;Uroviricota;Caudoviricetes
HP-T1-9_contig.fa_viral_406	1560	No terminal repeats	NA	2	11	0.8697	NA	2	2.6190	Viruses;Duplodnaviria;Heunggongvirae;Uroviricota;Caudoviricetes
HP-T1-9_contig.fa_viral_54	10878	No terminal repeats	NA	18	11	0.8687	NA	5	7.2885	Viruses;Duplodnaviria;Heunggongvirae;Uroviricota;Caudoviricetes
UAB-T1-6_contig.fa_viral_140	2049	No terminal repeats	NA	5	11	0.8678	NA	1	1.7183	Viruses;Duplodnaviria;Heunggongvirae;Uroviricota;Caudoviricetes
HP-T1-6_contig.fa_viral_11	1542	No terminal repeats	NA	1	11	0.8668	NA	1	1.7183	Viruses;Duplodnaviria;Heunggongvirae;Uroviricota;Caudoviricetes
RP-T1-3_contig.fa_viral_450	3039	No terminal repeats	NA	12	11	0.8667	NA	0	1.4970	Viruses;Duplodnaviria;Heunggongvirae;Uroviricota;Caudoviricetes
HP-T1-6_contig.fa_viral_144	2085	No terminal repeats	NA	5	11	0.8666	NA	1	4.7413	Viruses;Duplodnaviria;Heunggongvirae;Uroviricota;Caudoviricetes
HP-T1-6_contig.fa_viral_70	3730	No terminal repeats	NA	3	11	0.8665	NA	0	1.7183	Viruses;Duplodnaviria;Heunggongvirae;Uroviricota;Caudoviricetes
RP-T1-6_contig.fa_viral_121	2542	No terminal repeats	NA	4	11	0.8657	NA	1	4.0185	Viruses;Duplodnaviria;Heunggongvirae;Uroviricota;Caudoviricetes
HP-T1-9_contig.fa_viral_277	7216	No terminal repeats	NA	7	11	0.8656	NA	3	7.8783	Viruses;Duplodnaviria;Heunggongvirae;Uroviricota;Caudoviricetes
RP-T1-3_contig.fa_viral_460	7196	No terminal repeats	NA	7	11	0.8650	NA	1	1.1905	Viruses;Duplodnaviria;Heunggongvirae;Uroviricota;Caudoviricetes
HP-T1-9_contig.fa_viral_1	3350	No terminal repeats	NA	4	11	0.8632	NA	0	1.6326	Viruses;Duplodnaviria;Heunggongvirae;Uroviricota;Caudoviricetes
RP-T1-9_contig.fa_viral_12	2001	No terminal repeats	NA	3	11	0.8628	NA	1	1.7145	Unclassified
HP-T1-9_contig.fa_viral_87	5471	No terminal repeats	NA	5	11	0.8619	NA	0	4.0946	Viruses;Duplodnaviria;Heunggongvirae;Uroviricota;Caudoviricetes
RP-T1-6_contig.fa_viral_423	3016	No terminal repeats	NA	6	11	0.8619	NA	0	1.2432	Viruses;Duplodnaviria;Heunggongvirae;Uroviricota;Caudoviricetes
HP-T1-6_contig.fa_provirus_3	3631	No terminal repeats	NA	3	11	0.8618	NA	1	4.2751	Viruses;Duplodnaviria;Heunggongvirae;Uroviricota;Caudoviricetes
HP-T1-9_contig.fa_viral_96	1644	No terminal repeats	NA	3	11	0.8608	NA	1	1.7175	Unclassified
RP-T1-3_contig.fa_viral_337	4299	No terminal repeats	NA	8	11	0.8607	NA	0	1.7183	Viruses;Duplodnaviria;Heunggongvirae;Uroviricota;Caudoviricetes
RP-T1-3_contig.fa_viral_626	4192	No terminal repeats	NA	10	11	0.8601	NA	1	3.9991	Viruses;Duplodnaviria;Heunggongvirae;Uroviricota;Caudoviricetes
HP-T1-6_contig.fa_viral_253	4651	No terminal repeats	NA	5	11	0.8599	NA	0	3.4510	Viruses;Duplodnaviria;Heunggongvirae;Uroviricota;Caudoviricetes
RP-T1-6_contig.fa_viral_411	6702	No terminal repeats	NA	17	11	0.8597	NA	0	1.7183	Viruses;Duplodnaviria;Heunggongvirae;Uroviricota;Caudoviricetes
SC-T1-3_contig.fa_viral_175	3731	No terminal repeats	NA	3	11	0.8581	NA	2	3.1425	Viruses;Duplodnaviria;Heunggongvirae;Uroviricota;Caudoviricetes
HP-T1-9_contig.fa_viral_109	2670	No terminal repeats	NA	6	11	0.8578	NA	0	3.3319	Viruses;Duplodnaviria;Heunggongvirae;Uroviricota;Caudoviricetes
RP-T1-6_contig.fa_viral_87	1928	No terminal repeats	NA	3	11	0.8578	NA	1	3.4366	Viruses;Duplodnaviria;Heunggongvirae;Uroviricota;Caudoviricetes
SC-T1-3_contig.fa_viral_73	3617	No terminal repeats	NA	7	11	0.8576	NA	0	3.2690	Viruses;Duplodnaviria;Heunggongvirae;Uroviricota;Caudoviricetes
HP-T1-9_contig.fa_viral_291	4168	No terminal repeats	NA	4	11	0.8573	NA	1	4.6790	Viruses;Duplodnaviria;Heunggongvirae;Uroviricota;Caudoviricetes
RP-T1-3_contig.fa_viral_296	4039	No terminal repeats	NA	7	11	0.8570	NA	0	1.6025	Unclassified
RP-T1-3_contig.fa_viral_57	2341	No terminal repeats	NA	4	11	0.8569	NA	1	3.2473	Viruses;Duplodnaviria;Heunggongvirae;Uroviricota;Caudoviricetes
UAB-T1-6_contig.fa_viral_56	3587	No terminal repeats	NA	9	11	0.8562	NA	0	1.3322	Viruses;Duplodnaviria;Heunggongvirae;Uroviricota;Caudoviricetes
Ex45-T1-9_contig.fa_viral_49	2761	No terminal repeats	NA	2	11	0.8542	NA	0	1.7128	Viruses;Duplodnaviria;Heunggongvirae;Uroviricota;Caudoviricetes
UAB-T1-9_contig.fa_viral_43	11072	No terminal repeats	NA	22	11	0.8533	NA	0	4.5377	Viruses;Duplodnaviria;Heunggongvirae;Uroviricota;Caudoviricetes
HP-T1-6_contig.fa_viral_172	2478	No terminal repeats	NA	7	11	0.8523	NA	2	6.5192	Viruses;Duplodnaviria;Heunggongvirae;Uroviricota;Caudoviricetes
HP-T1-6_contig.fa_viral_38	2710	No terminal repeats	NA	5	11	0.8516	NA	1	3.2544	Viruses;Duplodnaviria;Heunggongvirae;Uroviricota;Caudoviricetes
RP-T1-3_contig.fa_viral_665	4742	No terminal repeats	NA	5	11	0.8507	NA	0	1.2660	Viruses;Duplodnaviria;Heunggongvirae;Uroviricota;Caudoviricetes
Ex45-T1-6_contig.fa_viral_89	1800	No terminal repeats	NA	4	11	0.8506	NA	3	4.1863	Viruses;Duplodnaviria;Heunggongvirae;Uroviricota;Caudoviricetes
RP-T1-6_contig.fa_viral_154	2803	No terminal repeats	NA	3	11	0.8499	NA	1	1.9972	Viruses;Duplodnaviria;Heunggongvirae;Uroviricota;Caudoviricetes
RC-T1-6_contig.fa_viral_40	3875	No terminal repeats	NA	5	11	0.8495	NA	0	2.8192	Viruses;Duplodnaviria;Heunggongvirae;Uroviricota;Caudoviricetes
RP-T1-6_contig.fa_viral_283	3372	No terminal repeats	NA	4	11	0.8488	NA	0	6.3979	Viruses;Duplodnaviria;Heunggongvirae;Uroviricota;Caudoviricetes
UAB-T1-6_contig.fa_viral_46	4826	No terminal repeats	NA	4	4	0.8485	NA	2	2.4900	Viruses;Duplodnaviria;Heunggongvirae;Uroviricota;Caudoviricetes
UAB-T1-3_contig.fa_viral_19	2540	No terminal repeats	NA	4	11	0.8484	NA	0	2.6013	Viruses;Duplodnaviria;Heunggongvirae;Uroviricota;Caudoviricetes
RP-T1-3_contig.fa_viral_686	3950	No terminal repeats	NA	10	11	0.8455	NA	0	1.7183	Viruses;Duplodnaviria;Heunggongvirae;Uroviricota;Caudoviricetes
HP-T1-6_contig.fa_viral_152	2994	No terminal repeats	NA	4	11	0.8448	NA	0	1.2076	Viruses;Duplodnaviria;Heunggongvirae;Uroviricota;Caudoviricetes
RP-T1-6_contig.fa_provirus_3	1161	No terminal repeats	NA	1	11	0.8447	NA	1	1.7183	Unclassified
HP-T1-9_contig.fa_viral_326	5524	No terminal repeats	NA	12	11	0.8442	NA	1	4.9552	Viruses;Duplodnaviria;Heunggongvirae;Uroviricota;Caudoviricetes
HP-T1-9_contig.fa_viral_300	6068	No terminal repeats	NA	10	11	0.8437	NA	1	5.8946	Viruses;Duplodnaviria;Heunggongvirae;Uroviricota;Caudoviricetes
SC-T1-3_contig.fa_viral_191	1988	No terminal repeats	NA	2	11	0.8430	NA	2	2.6069	Viruses;Duplodnaviria;Heunggongvirae;Uroviricota;Caudoviricetes
11B-T1-9_contig.fa_viral_7	2282	No terminal repeats	NA	3	11	0.8381	NA	1	1.7183	Viruses;Riboviria;Orthornavirae;Pisuviricota;Duplopiviricetes;Durnavirales;Partitiviridae
11B-T1-6_contig.fa_viral_8	3546	No terminal repeats	NA	8	11	0.8378	NA	1	3.0223	Viruses;Duplodnaviria;Heunggongvirae;Uroviricota;Caudoviricetes
RP-T1-3_contig.fa_viral_773	1515	No terminal repeats	NA	3	11	0.8374	NA	1	3.0490	Viruses;Duplodnaviria;Heunggongvirae;Uroviricota;Caudoviricetes
RP-T1-6_contig.fa_viral_345	1809	No terminal repeats	NA	2	11	0.8352	NA	1	1.7183	Viruses;Duplodnaviria;Heunggongvirae;Uroviricota;Caudoviricetes
RP-T1-3_contig.fa_viral_837	2818	No terminal repeats	NA	2	11	0.8343	NA	0	1.4091	Viruses;Duplodnaviria;Heunggongvirae;Uroviricota;Caudoviricetes
11B-T1-9_contig.fa_provirus_1	1001	No terminal repeats	NA	3	11	0.8336	NA	1	2.6981	Viruses;Duplodnaviria;Heunggongvirae;Uroviricota;Caudoviricetes
RP-T1-3_contig.fa_viral_729	2807	No terminal repeats	NA	3	11	0.8336	NA	1	1.7183	Viruses;Duplodnaviria;Heunggongvirae;Uroviricota;Caudoviricetes
HP-T1-6_contig.fa_viral_113	1523	No terminal repeats	NA	1	11	0.8333	NA	1	1.7183	Viruses;Duplodnaviria;Heunggongvirae;Uroviricota;Caudoviricetes
HP-T1-9_contig.fa_viral_29	4084	No terminal repeats	NA	2	11	0.8317	NA	0	1.7183	Unclassified
UAB-T1-6_contig.fa_viral_95	9570	No terminal repeats	NA	10	4	0.8309	NA	1	3.8796	Viruses;Duplodnaviria;Heunggongvirae;Uroviricota;Caudoviricetes;Crassvirales
RP-T1-6_contig.fa_viral_84	3227	No terminal repeats	NA	6	11	0.8309	NA	0	2.8726	Viruses;Duplodnaviria;Heunggongvirae;Uroviricota;Caudoviricetes
RP-T1-3_contig.fa_viral_670	3764	No terminal repeats	NA	5	11	0.8305	NA	0	4.3191	Viruses;Duplodnaviria;Heunggongvirae;Uroviricota;Caudoviricetes
RP-T1-6_contig.fa_viral_15	2687	No terminal repeats	NA	3	11	0.8304	NA	0	3.0088	Viruses;Duplodnaviria;Heunggongvirae;Uroviricota;Caudoviricetes
RC-T1-9_contig.fa_viral_22	8662	No terminal repeats	NA	9	11	0.8303	NA	4	5.2618	Viruses;Duplodnaviria;Heunggongvirae;Uroviricota;Caudoviricetes
HP-T1-9_contig.fa_viral_220	2062	No terminal repeats	NA	4	11	0.8285	NA	2	2.8224	Viruses;Duplodnaviria;Heunggongvirae;Uroviricota;Caudoviricetes
RP-T1-3_contig.fa_viral_438	6468	No terminal repeats	NA	9	11	0.8272	NA	0	4.5189	Viruses;Duplodnaviria;Heunggongvirae;Uroviricota;Caudoviricetes
RP-T1-6_contig.fa_viral_5	3952	No terminal repeats	NA	7	11	0.8270	NA	1	3.9134	Viruses;Duplodnaviria;Heunggongvirae;Uroviricota;Caudoviricetes
RP-T1-3_contig.fa_viral_41	3902	No terminal repeats	NA	8	11	0.8248	NA	0	1.2259	Viruses;Duplodnaviria;Heunggongvirae;Uroviricota;Caudoviricetes
HP-T1-6_contig.fa_viral_55	3518	No terminal repeats	NA	6	11	0.8248	NA	0	2.8112	Viruses;Duplodnaviria;Heunggongvirae;Uroviricota;Caudoviricetes
RP-T1-3_contig.fa_viral_319	2097	No terminal repeats	NA	1	11	0.8246	NA	1	1.7183	Viruses;Duplodnaviria;Heunggongvirae;Uroviricota;Caudoviricetes
RP-T1-3_contig.fa_viral_503	2830	No terminal repeats	NA	10	11	0.8246	NA	0	2.0965	Viruses;Duplodnaviria;Heunggongvirae;Uroviricota;Caudoviricetes
HP-T1-9_contig.fa_viral_215	1589	No terminal repeats	NA	2	11	0.8243	NA	1	2.8764	Viruses;Duplodnaviria;Heunggongvirae;Uroviricota;Caudoviricetes
UAB-T1-6_contig.fa_viral_261	1840	No terminal repeats	NA	4	11	0.8227	NA	2	3.2426	Viruses;Duplodnaviria;Heunggongvirae;Uroviricota;Caudoviricetes
RP-T1-6_contig.fa_viral_36	4842	No terminal repeats	NA	7	11	0.8219	NA	0	3.1573	Viruses;Duplodnaviria;Heunggongvirae;Uroviricota;Caudoviricetes
RP-T1-3_contig.fa_viral_444	1601	No terminal repeats	NA	1	11	0.8215	NA	1	1.7183	Viruses;Duplodnaviria;Heunggongvirae;Uroviricota;Caudoviricetes
SC-T1-3_contig.fa_viral_234	3458	No terminal repeats	NA	3	4	0.8206	NA	0	1.4239	Unclassified
UAB-T1-6_contig.fa_provirus_10	1764	No terminal repeats	NA	3	4	0.8206	NA	1	2.3547	Viruses;Duplodnaviria;Heunggongvirae;Uroviricota;Caudoviricetes
HP-T1-9_contig.fa_viral_4	2486	No terminal repeats	NA	4	11	0.8188	NA	2	4.7814	Viruses;Duplodnaviria;Heunggongvirae;Uroviricota;Caudoviricetes
SC-T1-6_contig.fa_viral_124	3333	No terminal repeats	NA	4	11	0.8169	NA	2	3.4366	Viruses;Duplodnaviria;Heunggongvirae;Uroviricota;Caudoviricetes
HP-T1-6_contig.fa_viral_270	2637	No terminal repeats	NA	4	11	0.8168	NA	1	2.7412	Viruses;Duplodnaviria;Heunggongvirae;Uroviricota;Caudoviricetes
SC-T1-3_contig.fa_viral_4	3179	No terminal repeats	NA	7	11	0.8165	NA	0	3.4057	Viruses;Duplodnaviria;Heunggongvirae;Uroviricota;Caudoviricetes
HP-T1-6_contig.fa_viral_301	9279	No terminal repeats	NA	11	11	0.8164	NA	0	4.6560	Viruses;Duplodnaviria;Heunggongvirae;Uroviricota;Caudoviricetes
RP-T1-3_contig.fa_viral_701	3636	No terminal repeats	NA	8	11	0.8162	NA	0	1.3960	Viruses;Duplodnaviria;Heunggongvirae;Uroviricota;Caudoviricetes
HP-T1-9_contig.fa_viral_179	1826	No terminal repeats	NA	5	11	0.8147	NA	1	1.1892	Viruses;Duplodnaviria;Heunggongvirae;Uroviricota;Caudoviricetes
RP-T1-9_contig.fa_viral_198	1786	No terminal repeats	NA	3	11	0.8143	NA	2	3.0011	Viruses;Duplodnaviria;Heunggongvirae;Uroviricota;Caudoviricetes
UAB-T1-3_contig.fa_viral_42	1710	No terminal repeats	NA	2	11	0.8133	NA	1	1.5278	Viruses;Duplodnaviria;Heunggongvirae;Uroviricota;Caudoviricetes
HP-T1-6_contig.fa_viral_39	14327	No terminal repeats	NA	32	11	0.8111	NA	1	8.0611	Viruses;Duplodnaviria;Heunggongvirae;Uroviricota;Caudoviricetes
HP-T1-6_contig.fa_viral_263	2899	No terminal repeats	NA	2	11	0.8098	NA	0	0.0000	Unclassified
UAB-T1-6_contig.fa_viral_94	2010	No terminal repeats	NA	3	11	0.8080	NA	1	3.1100	Viruses;Duplodnaviria;Heunggongvirae;Uroviricota;Caudoviricetes
SC-T1-6_contig.fa_viral_74	2533	No terminal repeats	NA	2	11	0.8066	NA	1	3.0666	Viruses;Duplodnaviria;Heunggongvirae;Uroviricota;Caudoviricetes
RP-T1-3_contig.fa_viral_7	1981	No terminal repeats	NA	4	11	0.8061	NA	1	1.7183	Viruses;Duplodnaviria;Heunggongvirae;Uroviricota;Caudoviricetes
RC-T1-9_contig.fa_viral_11	13964	No terminal repeats	NA	13	11	0.8040	NA	3	9.2803	Viruses;Duplodnaviria;Heunggongvirae;Uroviricota;Caudoviricetes
HP-T1-9_contig.fa_viral_125	2131	No terminal repeats	NA	4	11	0.8038	NA	2	2.6696	Viruses;Duplodnaviria;Heunggongvirae;Uroviricota;Caudoviricetes
SC-T1-3_contig.fa_viral_114	4276	No terminal repeats	NA	13	11	0.8036	NA	0	2.6576	Viruses;Duplodnaviria;Heunggongvirae;Uroviricota;Caudoviricetes
HP-T1-9_contig.fa_viral_295	3705	No terminal repeats	NA	3	11	0.8023	NA	0	2.9236	Viruses;Duplodnaviria;Heunggongvirae;Uroviricota;Caudoviricetes;Straboviridae
RP-T1-3_contig.fa_viral_385	1634	No terminal repeats	NA	2	11	0.8001	NA	1	1.7183	Viruses;Duplodnaviria;Heunggongvirae;Uroviricota;Caudoviricetes
SC-T1-9_contig.fa_viral_203	2015	No terminal repeats	NA	3	11	0.7998	NA	1	2.6687	Viruses;Duplodnaviria;Heunggongvirae;Uroviricota;Caudoviricetes
RC-T1-3_contig.fa_viral_43	13322	No terminal repeats	NA	24	11	0.7991	NA	2	9.1982	Viruses;Duplodnaviria;Heunggongvirae;Uroviricota;Caudoviricetes
HP-T1-9_contig.fa_viral_288	3497	No terminal repeats	NA	4	11	0.7991	NA	0	3.1549	Viruses;Duplodnaviria;Heunggongvirae;Uroviricota;Caudoviricetes
HP-T1-9_contig.fa_viral_393	3153	No terminal repeats	NA	7	11	0.7979	NA	0	3.5320	Viruses;Duplodnaviria;Heunggongvirae;Uroviricota;Caudoviricetes
RP-T1-6_contig.fa_viral_245	2546	No terminal repeats	NA	6	11	0.7975	NA	3	5.7491	Viruses;Duplodnaviria;Heunggongvirae;Uroviricota;Caudoviricetes
Ex45-T1-3_contig.fa_viral_21	1607	No terminal repeats	NA	5	11	0.7968	NA	4	4.9635	Viruses;Duplodnaviria;Heunggongvirae;Uroviricota;Caudoviricetes
RP-T1-6_contig.fa_viral_194	2855	No terminal repeats	NA	1	11	0.7958	NA	0	1.7150	Viruses;Duplodnaviria;Heunggongvirae;Uroviricota;Caudoviricetes
RP-T1-3_contig.fa_viral_587	2989	No terminal repeats	NA	4	11	0.7955	NA	0	1.7183	Unclassified
HP-T1-6_contig.fa_viral_168	2967	No terminal repeats	NA	5	11	0.7939	NA	0	2.6924	Viruses;Duplodnaviria;Heunggongvirae;Uroviricota;Caudoviricetes
RP-T1-3_contig.fa_viral_160	3326	No terminal repeats	NA	6	11	0.7938	NA	0	1.9866	Viruses;Duplodnaviria;Heunggongvirae;Uroviricota;Caudoviricetes
HP-T1-9_contig.fa_viral_283	2861	No terminal repeats	NA	3	11	0.7929	NA	0	0.9380	Viruses;Duplodnaviria;Heunggongvirae;Uroviricota;Caudoviricetes
RC-T1-9_contig.fa_viral_109	2655	No terminal repeats	NA	1	11	0.7926	NA	0	0.0000	Unclassified
HP-T1-6_contig.fa_viral_137	14116	No terminal repeats	NA	24	11	0.7926	NA	0	1.0283	Viruses;Duplodnaviria;Heunggongvirae;Uroviricota;Caudoviricetes
SC-T1-3_contig.fa_viral_133	2521	No terminal repeats	NA	6	11	0.7924	NA	0	3.7393	Viruses;Duplodnaviria;Heunggongvirae;Uroviricota;Caudoviricetes
RP-T1-3_contig.fa_viral_486	1551	No terminal repeats	NA	4	11	0.7913	NA	1	2.9766	Viruses;Duplodnaviria;Heunggongvirae;Uroviricota;Caudoviricetes
RP-T1-3_contig.fa_viral_172	2169	No terminal repeats	NA	5	11	0.7909	NA	5	7.4504	Viruses;Duplodnaviria;Heunggongvirae;Uroviricota;Caudoviricetes
RP-T1-6_contig.fa_viral_485	3193	No terminal repeats	NA	7	11	0.7909	NA	1	1.7133	Viruses;Duplodnaviria;Heunggongvirae;Uroviricota;Caudoviricetes;Crassvirales
HP-T1-6_contig.fa_viral_188|provirus_13589_74603	61015	Provirus	13589-74603	86	11	0.7908	NA	6	25.4740	Viruses;Duplodnaviria;Heunggongvirae;Uroviricota;Caudoviricetes
UAB-T1-3_contig.fa_viral_27	1836	No terminal repeats	NA	2	11	0.7903	NA	1	1.5278	Viruses;Duplodnaviria;Heunggongvirae;Uroviricota;Caudoviricetes
SC-T1-3_contig.fa_viral_200	4265	No terminal repeats	NA	6	11	0.7895	NA	0	1.7271	Unclassified
RP-T1-3_contig.fa_viral_738	3426	No terminal repeats	NA	9	11	0.7891	NA	0	4.4925	Viruses;Duplodnaviria;Heunggongvirae;Uroviricota;Caudoviricetes
SC-T1-9_contig.fa_viral_15	4899	No terminal repeats	NA	2	11	0.7885	NA	0	1.7183	Viruses;Duplodnaviria;Heunggongvirae;Uroviricota;Caudoviricetes
RP-T1-9_contig.fa_viral_116	2889	No terminal repeats	NA	5	11	0.7870	NA	0	1.0898	Unclassified
RP-T1-6_contig.fa_viral_294	1562	No terminal repeats	NA	2	11	0.7852	NA	1	1.7183	Viruses;Duplodnaviria;Heunggongvirae;Uroviricota;Caudoviricetes
HP-T1-9_contig.fa_viral_233	4796	No terminal repeats	NA	16	11	0.7849	NA	0	3.9455	Viruses;Duplodnaviria;Heunggongvirae;Uroviricota;Caudoviricetes
UAB-T1-6_contig.fa_viral_31	1772	No terminal repeats	NA	2	11	0.7822	NA	1	2.9978	Viruses;Duplodnaviria;Heunggongvirae;Uroviricota;Caudoviricetes
RP-T1-3_contig.fa_viral_654	2634	No terminal repeats	NA	6	11	0.7786	NA	0	3.0639	Viruses;Duplodnaviria;Heunggongvirae;Uroviricota;Caudoviricetes
RP-T1-6_contig.fa_viral_261	2306	No terminal repeats	NA	6	11	0.7780	NA	1	5.1548	Viruses;Duplodnaviria;Heunggongvirae;Uroviricota;Caudoviricetes
UAB-T1-6_contig.fa_viral_27	2363	No terminal repeats	NA	3	11	0.7769	NA	1	1.7183	Viruses;Riboviria;Orthornavirae;Pisuviricota;Duplopiviricetes;Durnavirales;Partitiviridae
UAB-T1-6_contig.fa_provirus_3	1959	No terminal repeats	NA	3	11	0.7769	NA	1	3.7414	Viruses;Duplodnaviria;Heunggongvirae;Uroviricota;Caudoviricetes
Ex45-T1-3_contig.fa_viral_9	1913	No terminal repeats	NA	5	11	0.7755	NA	2	4.4346	Viruses;Duplodnaviria;Heunggongvirae;Uroviricota;Caudoviricetes
HP-T1-6_contig.fa_viral_276	3188	No terminal repeats	NA	6	11	0.7748	NA	1	2.8045	Viruses;Duplodnaviria;Heunggongvirae;Uroviricota;Caudoviricetes
SC-T1-9_contig.fa_viral_42	2919	No terminal repeats	NA	2	11	0.7741	NA	0	1.7183	Viruses;Duplodnaviria;Heunggongvirae;Uroviricota;Caudoviricetes
SC-T1-3_contig.fa_viral_161	1599	No terminal repeats	NA	3	11	0.7731	NA	2	2.5121	Viruses;Duplodnaviria;Heunggongvirae;Uroviricota;Caudoviricetes
RP-T1-3_contig.fa_viral_363	4045	No terminal repeats	NA	15	11	0.7724	NA	0	0.0000	Unclassified
RP-T1-3_contig.fa_viral_379	9535	No terminal repeats	NA	5	11	0.7711	NA	1	2.1674	Viruses;Duplodnaviria;Heunggongvirae;Uroviricota;Caudoviricetes
HP-T1-6_contig.fa_viral_31	2703	No terminal repeats	NA	5	11	0.7708	NA	1	4.2860	Viruses;Duplodnaviria;Heunggongvirae;Uroviricota;Caudoviricetes
8-T1-9_contig.fa_viral_28	2991	No terminal repeats	NA	7	11	0.7699	NA	0	3.4366	Viruses;Duplodnaviria;Heunggongvirae;Uroviricota;Caudoviricetes;Herelleviridae
RC-T1-3_contig.fa_viral_93	3138	No terminal repeats	NA	7	11	0.7696	NA	0	2.3113	Viruses;Duplodnaviria;Heunggongvirae;Uroviricota;Caudoviricetes
RP-T1-6_contig.fa_viral_393	1851	No terminal repeats	NA	6	11	0.7691	NA	1	1.0862	Viruses;Duplodnaviria;Heunggongvirae;Uroviricota;Caudoviricetes
HP-T1-9_contig.fa_viral_294	3608	No terminal repeats	NA	4	11	0.7685	NA	1	4.8732	Viruses;Duplodnaviria;Heunggongvirae;Uroviricota;Caudoviricetes
RP-T1-6_contig.fa_viral_188	3495	No terminal repeats	NA	4	11	0.7668	NA	0	1.3425	Viruses;Duplodnaviria;Heunggongvirae;Uroviricota;Caudoviricetes
HP-T1-6_contig.fa_viral_101	2897	No terminal repeats	NA	5	11	0.7667	NA	0	2.7324	Viruses;Duplodnaviria;Heunggongvirae;Uroviricota;Caudoviricetes
RP-T1-6_contig.fa_viral_465	3297	No terminal repeats	NA	3	11	0.7662	NA	0	1.4475	Viruses;Duplodnaviria;Heunggongvirae;Uroviricota;Caudoviricetes
RC-T1-9_contig.fa_viral_68	4099	No terminal repeats	NA	1	11	0.7661	NA	0	0.0000	Unclassified
RP-T1-9_contig.fa_viral_208	3393	No terminal repeats	NA	3	11	0.7652	NA	1	3.7542	Viruses;Duplodnaviria;Heunggongvirae;Uroviricota;Caudoviricetes
RP-T1-6_contig.fa_viral_481	1617	No terminal repeats	NA	3	11	0.7638	NA	1	3.4055	Viruses;Duplodnaviria;Heunggongvirae;Uroviricota;Caudoviricetes
RP-T1-6_contig.fa_viral_292	2725	No terminal repeats	NA	6	11	0.7638	NA	1	1.3550	Viruses;Duplodnaviria;Heunggongvirae;Uroviricota;Caudoviricetes
11B-T1-9_contig.fa_viral_19	1737	No terminal repeats	NA	2	11	0.7638	NA	1	1.4597	Viruses;Duplodnaviria;Heunggongvirae;Uroviricota;Caudoviricetes
HP-T1-9_contig.fa_viral_245	2811	No terminal repeats	NA	9	11	0.7634	NA	0	1.3096	Viruses;Duplodnaviria;Heunggongvirae;Uroviricota;Caudoviricetes
RP-T1-6_contig.fa_viral_262	2507	No terminal repeats	NA	5	11	0.7628	NA	0	3.4240	Viruses;Duplodnaviria;Heunggongvirae;Uroviricota;Caudoviricetes
RP-T1-3_contig.fa_viral_682	6644	No terminal repeats	NA	10	11	0.7626	NA	0	0.0000	Unclassified
HP-T1-6_contig.fa_viral_20	2818	No terminal repeats	NA	3	11	0.7615	NA	2	3.4301	Viruses;Duplodnaviria;Heunggongvirae;Uroviricota;Caudoviricetes
RP-T1-3_contig.fa_viral_107	6418	No terminal repeats	NA	7	11	0.7609	NA	3	4.9114	Viruses;Duplodnaviria;Heunggongvirae;Uroviricota;Caudoviricetes
RP-T1-3_contig.fa_provirus_20	3316	No terminal repeats	NA	3	11	0.7607	NA	1	1.2997	Viruses;Duplodnaviria;Heunggongvirae;Uroviricota;Caudoviricetes
RC-T1-3_contig.fa_viral_52	2854	No terminal repeats	NA	6	11	0.7591	NA	0	2.7483	Viruses;Duplodnaviria;Heunggongvirae;Uroviricota;Caudoviricetes
RC-T1-3_contig.fa_viral_85	6613	No terminal repeats	NA	11	11	0.7584	NA	0	0.7908	Unclassified
RP-T1-9_contig.fa_viral_175	7010	No terminal repeats	NA	9	11	0.7580	NA	3	4.5217	Viruses;Duplodnaviria;Heunggongvirae;Uroviricota;Caudoviricetes
RP-T1-3_contig.fa_viral_74	2194	No terminal repeats	NA	4	11	0.7572	NA	2	3.2229	Viruses;Duplodnaviria;Heunggongvirae;Uroviricota;Caudoviricetes
8-T1-9_contig.fa_viral_9	3682	No terminal repeats	NA	6	11	0.7572	NA	0	1.2562	Viruses;Duplodnaviria;Heunggongvirae;Uroviricota;Caudoviricetes
HP-T1-3_contig.fa_viral_84	1516	No terminal repeats	NA	1	11	0.7565	NA	1	1.7183	Viruses;Duplodnaviria;Heunggongvirae;Uroviricota;Caudoviricetes
RP-T1-3_contig.fa_viral_204	2130	No terminal repeats	NA	4	11	0.7556	NA	2	3.3913	Viruses;Duplodnaviria;Heunggongvirae;Uroviricota;Caudoviricetes
HP-T1-6_contig.fa_viral_157	1965	No terminal repeats	NA	3	11	0.7542	NA	1	2.9105	Viruses;Duplodnaviria;Heunggongvirae;Uroviricota;Caudoviricetes
HP-T1-9_contig.fa_viral_341	2928	No terminal repeats	NA	4	11	0.7536	NA	1	2.8916	Viruses;Duplodnaviria;Heunggongvirae;Uroviricota;Caudoviricetes
RP-T1-3_contig.fa_viral_623	1769	No terminal repeats	NA	2	11	0.7525	NA	1	1.3157	Viruses;Duplodnaviria;Heunggongvirae;Uroviricota;Caudoviricetes
SC-T1-3_contig.fa_viral_12	1670	No terminal repeats	NA	4	11	0.7522	NA	1	1.3916	Viruses;Duplodnaviria;Heunggongvirae;Uroviricota;Caudoviricetes
HP-T1-9_contig.fa_viral_306	2273	No terminal repeats	NA	3	11	0.7520	NA	1	1.7183	Viruses;Duplodnaviria;Heunggongvirae;Uroviricota;Caudoviricetes
UAB-T1-6_contig.fa_viral_205	1667	No terminal repeats	NA	4	11	0.7520	NA	2	3.7030	Viruses;Duplodnaviria;Heunggongvirae;Uroviricota;Caudoviricetes
Ex45-T1-6_contig.fa_viral_88	2038	No terminal repeats	NA	4	11	0.7503	NA	2	3.7606	Viruses;Duplodnaviria;Heunggongvirae;Uroviricota;Caudoviricetes
RP-T1-6_contig.fa_viral_271	3609	No terminal repeats	NA	5	11	0.7492	NA	0	0.9380	Viruses;Duplodnaviria;Heunggongvirae;Uroviricota;Caudoviricetes
RP-T1-6_contig.fa_viral_104	1601	No terminal repeats	NA	4	11	0.7490	NA	1	3.3197	Viruses;Duplodnaviria;Heunggongvirae;Uroviricota;Caudoviricetes
SC-T1-3_contig.fa_viral_144	2642	No terminal repeats	NA	3	11	0.7481	NA	1	2.0886	Viruses;Duplodnaviria;Heunggongvirae;Uroviricota;Caudoviricetes
RP-T1-3_contig.fa_viral_323	2793	No terminal repeats	NA	3	11	0.7480	NA	1	1.2873	Viruses;Duplodnaviria;Heunggongvirae;Uroviricota;Caudoviricetes
SC-T1-3_contig.fa_viral_31	2607	No terminal repeats	NA	4	11	0.7472	NA	2	3.7038	Viruses;Duplodnaviria;Heunggongvirae;Uroviricota;Caudoviricetes
HP-T1-9_contig.fa_viral_407	1988	No terminal repeats	NA	3	11	0.7467	NA	2	3.4173	Viruses;Duplodnaviria;Heunggongvirae;Uroviricota;Caudoviricetes
UAB-T1-3_contig.fa_viral_45	1982	No terminal repeats	NA	3	11	0.7462	NA	1	1.7183	Viruses;Duplodnaviria;Heunggongvirae;Uroviricota;Caudoviricetes
SC-T1-9_contig.fa_viral_201	3813	No terminal repeats	NA	6	11	0.7427	NA	1	3.1041	Viruses;Duplodnaviria;Heunggongvirae;Uroviricota;Caudoviricetes
Ex45-T1-3_contig.fa_viral_2	2359	No terminal repeats	NA	3	11	0.7420	NA	1	1.7183	Viruses;Riboviria;Orthornavirae;Pisuviricota;Duplopiviricetes;Durnavirales;Partitiviridae
RP-T1-3_contig.fa_viral_89	3491	No terminal repeats	NA	7	11	0.7402	NA	0	1.2442	Unclassified
RP-T1-3_contig.fa_viral_73	1532	No terminal repeats	NA	2	11	0.7392	NA	1	1.7183	Viruses;Duplodnaviria;Heunggongvirae;Uroviricota;Caudoviricetes
RP-T1-6_contig.fa_viral_342	2115	No terminal repeats	NA	6	11	0.7388	NA	1	1.6267	Unclassified
RP-T1-6_contig.fa_viral_63	2739	No terminal repeats	NA	7	11	0.7379	NA	0	0.0000	Unclassified
Ex45-T1-9_contig.fa_viral_28	5285	No terminal repeats	NA	6	11	0.7377	NA	0	0.0000	Unclassified
HP-T1-9_contig.fa_viral_323	1677	No terminal repeats	NA	3	11	0.7368	NA	1	2.5190	Viruses;Duplodnaviria;Heunggongvirae;Uroviricota;Caudoviricetes
SC-T1-6_contig.fa_viral_33	2041	No terminal repeats	NA	2	11	0.7354	NA	2	2.6517	Viruses;Duplodnaviria;Heunggongvirae;Uroviricota;Caudoviricetes
RP-T1-6_contig.fa_viral_162	3151	No terminal repeats	NA	7	11	0.7348	NA	0	2.9677	Viruses;Duplodnaviria;Heunggongvirae;Uroviricota;Caudoviricetes
RC-T1-9_contig.fa_provirus_3	2986	No terminal repeats	NA	3	11	0.7344	NA	3	4.5217	Viruses;Duplodnaviria;Heunggongvirae;Uroviricota;Caudoviricetes
HP-T1-9_contig.fa_viral_390	5441	No terminal repeats	NA	12	11	0.7342	NA	0	1.7183	Viruses;Duplodnaviria;Heunggongvirae;Uroviricota;Caudoviricetes
Ex45-T1-6_contig.fa_viral_5	2246	No terminal repeats	NA	4	11	0.7331	NA	1	1.5278	Viruses;Duplodnaviria;Heunggongvirae;Uroviricota;Caudoviricetes
HP-T1-9_contig.fa_viral_375	3400	No terminal repeats	NA	8	11	0.7315	NA	0	1.7183	Viruses;Duplodnaviria;Heunggongvirae;Uroviricota;Caudoviricetes
UAB-T1-6_contig.fa_viral_89	2802	No terminal repeats	NA	2	11	0.7299	NA	0	0.0000	Unclassified
HP-T1-9_contig.fa_viral_104	3988	No terminal repeats	NA	5	11	0.7272	NA	2	3.1931	Viruses;Duplodnaviria;Heunggongvirae;Uroviricota;Caudoviricetes
HP-T1-6_contig.fa_viral_34	6530	No terminal repeats	NA	9	11	0.7266	NA	2	3.4608	Viruses;Duplodnaviria;Heunggongvirae;Uroviricota;Caudoviricetes
HP-T1-6_contig.fa_viral_274	6090	No terminal repeats	NA	15	11	0.7265	NA	0	1.0040	Viruses;Varidnaviria;Bamfordvirae;Preplasmiviricota;Tectiliviricetes;Kalamavirales;Tectiviridae
HP-T1-3_contig.fa_viral_117	2657	No terminal repeats	NA	7	11	0.7262	NA	0	2.6643	Unclassified
RP-T1-3_contig.fa_provirus_14	3546	No terminal repeats	NA	2	11	0.7259	NA	2	3.1664	Viruses;Duplodnaviria;Heunggongvirae;Uroviricota;Caudoviricetes;Thumleimavirales;Hafunaviridae
HP-T1-9_contig.fa_viral_190	2531	No terminal repeats	NA	7	11	0.7255	NA	1	4.1227	Viruses;Duplodnaviria;Heunggongvirae;Uroviricota;Caudoviricetes
RC-T1-3_contig.fa_viral_21	4698	No terminal repeats	NA	6	11	0.7248	NA	2	4.4543	Viruses;Duplodnaviria;Heunggongvirae;Uroviricota;Caudoviricetes
UAB-T1-9_contig.fa_viral_86	1537	No terminal repeats	NA	2	11	0.7219	NA	1	1.4597	Viruses;Duplodnaviria;Heunggongvirae;Uroviricota;Caudoviricetes
HP-T1-6_contig.fa_viral_291	3370	No terminal repeats	NA	9	11	0.7199	NA	0	2.7284	Viruses;Duplodnaviria;Heunggongvirae;Uroviricota;Caudoviricetes
HP-T1-6_contig.fa_viral_208	1888	No terminal repeats	NA	2	11	0.7191	NA	1	3.4366	Viruses;Duplodnaviria;Heunggongvirae;Uroviricota;Caudoviricetes
SC-T1-3_contig.fa_viral_125	5759	No terminal repeats	NA	10	11	0.7173	NA	1	1.1625	Viruses;Duplodnaviria;Heunggongvirae;Uroviricota;Caudoviricetes
RP-T1-3_contig.fa_viral_761	3048	No terminal repeats	NA	2	4	0.7160	NA	0	0.0000	Unclassified
HP-T1-9_contig.fa_viral_226	2652	No terminal repeats	NA	4	11	0.7154	NA	0	1.2194	Viruses;Duplodnaviria;Heunggongvirae;Uroviricota;Caudoviricetes
Ex45-T1-6_contig.fa_viral_15	1598	No terminal repeats	NA	2	11	0.7144	NA	1	1.7183	Viruses;Duplodnaviria;Heunggongvirae;Uroviricota;Caudoviricetes;Drexlerviridae
RC-T1-3_contig.fa_viral_83	3738	No terminal repeats	NA	4	11	0.7141	NA	3	4.0259	Viruses;Duplodnaviria;Heunggongvirae;Uroviricota;Caudoviricetes
RP-T1-6_contig.fa_viral_150	3033	No terminal repeats	NA	7	11	0.7139	NA	2	3.4267	Viruses;Duplodnaviria;Heunggongvirae;Uroviricota;Caudoviricetes
HP-T1-6_contig.fa_viral_224	6574	No terminal repeats	NA	6	11	0.7108	NA	1	3.0533	Viruses;Duplodnaviria;Heunggongvirae;Uroviricota;Caudoviricetes
RP-T1-3_contig.fa_viral_279	3742	No terminal repeats	NA	5	11	0.7096	NA	3	7.9086	Viruses;Duplodnaviria;Heunggongvirae;Uroviricota;Caudoviricetes
RP-T1-9_contig.fa_viral_57	2822	No terminal repeats	NA	3	11	0.7087	NA	1	4.5090	Viruses;Duplodnaviria;Heunggongvirae;Uroviricota;Caudoviricetes
HP-T1-9_contig.fa_viral_123	4544	No terminal repeats	NA	9	11	0.7083	NA	0	1.7183	Unclassified
HP-T1-3_contig.fa_viral_21	1611	No terminal repeats	NA	2	11	0.7067	NA	1	3.4055	Viruses;Duplodnaviria;Heunggongvirae;Uroviricota;Caudoviricetes
RP-T1-3_contig.fa_viral_673	1602	No terminal repeats	NA	3	11	0.7059	NA	1	1.2332	Viruses;Duplodnaviria;Heunggongvirae;Uroviricota;Caudoviricetes
HP-T1-9_contig.fa_viral_322	1844	No terminal repeats	NA	4	11	0.7052	NA	1	1.7183	Viruses;Duplodnaviria;Heunggongvirae;Uroviricota;Caudoviricetes
RP-T1-6_contig.fa_viral_158	2678	No terminal repeats	NA	4	11	0.7032	NA	0	1.3425	Viruses;Duplodnaviria;Heunggongvirae;Uroviricota;Caudoviricetes
HP-T1-9_contig.fa_viral_147	3344	No terminal repeats	NA	4	11	0.7028	NA	2	5.1049	Viruses;Duplodnaviria;Heunggongvirae;Uroviricota;Caudoviricetes
RP-T1-3_contig.fa_provirus_23	1453	No terminal repeats	NA	3	11	0.7021	NA	2	2.8405	Viruses;Duplodnaviria;Heunggongvirae;Uroviricota;Caudoviricetes
RP-T1-3_contig.fa_viral_803	6616	No terminal repeats	NA	9	11	0.7019	NA	0	3.0284	Viruses;Duplodnaviria;Heunggongvirae;Uroviricota;Caudoviricetes
RP-T1-3_contig.fa_viral_111	1742	No terminal repeats	NA	2	11	0.7018	NA	1	1.2306	Viruses;Duplodnaviria;Heunggongvirae;Uroviricota;Caudoviricetes
RP-T1-6_contig.fa_viral_45	3395	No terminal repeats	NA	7	11	0.7018	NA	0	0.0000	Unclassified
RP-T1-3_contig.fa_viral_106	1943	No terminal repeats	NA	4	11	0.7017	NA	1	1.9972	Viruses;Duplodnaviria;Heunggongvirae;Uroviricota;Caudoviricetes;Vilmaviridae
